{"stats":{"minecraft:mined":{"gravestone:gravestone":1,"minecraft:grass_block":3,"minecraft:melon":1,"minetraps:quicksand":2},"minecraft:picked_up":{"minecraft:rotten_flesh":2,"minetraps:quicksand":2,"minecraft:copper_ingot":1,"minecraft:melon_slice":7,"minecraft:dirt":3},"minecraft:custom":{"minecraft:time_since_rest":3932,"minecraft:crouch_one_cm":1445,"minecraft:play_time":10530,"minecraft:sprint_one_cm":21292,"minecraft:walk_one_cm":22396,"minecraft:damage_taken":1380,"minecraft:deaths":8,"minecraft:sneak_time":452,"minecraft:walk_under_water_one_cm":5234,"minecraft:jump":112,"minecraft:leave_game":1,"minecraft:time_since_death":3905,"minecraft:walk_on_water_one_cm":5623,"minecraft:total_world_time":10530,"minecraft:climb_one_cm":1699,"minecraft:swim_one_cm":13572,"minecraft:fall_one_cm":1498,"minecraft:fly_one_cm":7486},"minecraft:killed_by":{"minecraft:zombie":3,"undead_revamp2:the_moonflower":2,"undead_revamp2:therod":1}},"DataVersion":3465}