{"stats":{"minecraft:mined":{"undead_revamp2:arapholia":1,"minecraft:grass":1,"minecraft:grass_block":7,"minecraft:gravel":42,"minecraft:tall_grass":3,"vinery:apple_leaves":7,"minecraft:sugar_cane":3,"gravestone:gravestone":1},"minecraft:killed":{"minecraft:zombie":1},"minecraft:custom":{"minecraft:time_since_rest":2948,"minecraft:open_chest":9,"minecraft:crouch_one_cm":27298,"minecraft:play_time":25585,"minecraft:sprint_one_cm":17107,"minecraft:deaths":1,"minecraft:damage_taken":410,"minecraft:walk_one_cm":37085,"minecraft:sneak_time":5447,"minecraft:walk_under_water_one_cm":303,"minecraft:mob_kills":1,"minecraft:drop":1,"minecraft:jump":74,"minecraft:damage_dealt":58,"minecraft:time_since_death":12897,"minecraft:walk_on_water_one_cm":467,"minecraft:sleep_in_bed":2,"minecraft:climb_one_cm":44,"minecraft:total_world_time":25585,"minecraft:swim_one_cm":416,"minecraft:fall_one_cm":813,"minecraft:fly_one_cm":6604},"minecraft:killed_by":{"undead_revamp2:the_moonflower":1},"minecraft:dropped":{"gravestone:obituary":1},"minecraft:used":{"undead_revamp2:arapholia":1,"minecraft:gravel":26},"minecraft:picked_up":{"lightmanscurrency:coin_copper":5,"minecraft:rotten_flesh":3,"minecraft:gravel":34,"tough_beginnings:raw_flint":8,"supplementaries:ash":1,"lightmanscurrency:coin_iron":1,"minecraft:sugar_cane":4,"undead_revamp2:arapholia":2,"minecraft:dirt":7}},"DataVersion":3465}