{"stats":{"minecraft:mined":{"undead_revamp2:arapholia":1,"minecraft:grass":1,"minecraft:grass_block":4,"minecraft:gravel":1,"minecraft:tall_grass":3,"vinery:apple_leaves":7,"minecraft:sugar_cane":3},"minecraft:custom":{"minecraft:time_since_rest":932,"minecraft:open_chest":4,"minecraft:crouch_one_cm":16521,"minecraft:play_time":13585,"minecraft:sprint_one_cm":10979,"minecraft:deaths":1,"minecraft:damage_taken":280,"minecraft:walk_one_cm":15594,"minecraft:sneak_time":3243,"minecraft:walk_under_water_one_cm":303,"minecraft:drop":1,"minecraft:jump":49,"minecraft:time_since_death":897,"minecraft:walk_on_water_one_cm":467,"minecraft:sleep_in_bed":1,"minecraft:climb_one_cm":44,"minecraft:total_world_time":13585,"minecraft:swim_one_cm":416,"minecraft:fall_one_cm":209,"minecraft:fly_one_cm":4854},"minecraft:killed_by":{"undead_revamp2:the_moonflower":1},"minecraft:dropped":{"gravestone:obituary":1},"minecraft:used":{"undead_revamp2:arapholia":1},"minecraft:picked_up":{"minecraft:gravel":1,"minecraft:sugar_cane":4,"undead_revamp2:arapholia":1,"minecraft:dirt":4}},"DataVersion":3465}