{"stats":{"minecraft:mined":{"undead_revamp2:arapholia":1,"gravestone:gravestone":4,"minecraft:grass":1,"minecraft:grass_block":7,"minecraft:gravel":68,"minecraft:dirt":3,"minecraft:tall_grass":3,"vinery:apple_leaves":7,"minecraft:sugar_cane":3},"minecraft:crafted":{"minecraft:gravel":1},"minecraft:killed":{"minecraft:zombie":2},"minecraft:custom":{"minecraft:time_since_rest":6952,"minecraft:sprint_one_cm":28942,"minecraft:damage_taken":920,"minecraft:walk_one_cm":66648,"minecraft:mob_kills":2,"minecraft:drop":6,"minecraft:damage_dealt":134,"minecraft:swim_one_cm":416,"minecraft:fly_one_cm":8624,"minecraft:open_chest":13,"minecraft:crouch_one_cm":27298,"minecraft:play_time":37585,"minecraft:deaths":4,"minecraft:sneak_time":5449,"minecraft:walk_under_water_one_cm":303,"minecraft:jump":98,"minecraft:walk_on_water_one_cm":467,"minecraft:time_since_death":6923,"minecraft:total_world_time":37585,"minecraft:sleep_in_bed":2,"minecraft:climb_one_cm":80,"minecraft:fall_one_cm":1632},"minecraft:killed_by":{"undead_revamp2:the_moonflower":1,"minecraft:zombie":3},"minecraft:dropped":{"gravestone:obituary":6},"minecraft:used":{"minecraft:dark_oak_stairs":1,"minecraft:gravel":57,"minecraft:dirt":4,"minecraft:cobblestone":1,"undead_revamp2:arapholia":1},"minecraft:picked_up":{"simplehats:hatbag_common":1,"minecraft:andesite":1,"minecraft:brown_mushroom":2,"minecraft:gravel":56,"simplehats:stuck_lollipop":1,"gravestone:obituary":3,"minecraft:dirt":16,"lightmanscurrency:coin_copper":6,"tough_beginnings:flint_shard":4,"minecraft:rotten_flesh":6,"tough_beginnings:raw_flint":12,"supplementaries:ash":1,"lightmanscurrency:coin_iron":1,"minecraft:sugar_cane":4,"undead_revamp2:arapholia":2,"minecraft:dark_oak_stairs":5,"minecraft:cobblestone":4}},"DataVersion":3465}