{"stats":{"minecraft:custom":{"minecraft:jump":37,"minecraft:time_since_rest":2599,"minecraft:leave_game":1,"minecraft:sprint_one_cm":2898,"minecraft:play_time":2599,"minecraft:damage_taken":90,"minecraft:time_since_death":2599,"minecraft:walk_one_cm":11679,"minecraft:total_world_time":2599,"minecraft:fall_one_cm":693,"minecraft:fly_one_cm":1724},"minecraft:mined":{"minecraft:spruce_leaves":15,"minecraft:sugar_cane":2,"minecraft:fern":2},"minecraft:picked_up":{"minecraft:sugar_cane":5}},"DataVersion":3465}