{"stats":{"minecraft:used":{"minecraft:gravel":20,"minecraft:dirt":4,"farmersdelight:flint_knife":32},"minecraft:killed_by":{"undead_revamp2:the_moonflower":2,"undead_revamp2:therod":1,"minecraft:zombie":2},"minecraft:custom":{"minecraft:time_since_rest":6070,"minecraft:sprint_one_cm":7617,"minecraft:damage_taken":510,"minecraft:walk_one_cm":37196,"minecraft:mob_kills":3,"minecraft:drop":2,"minecraft:damage_dealt":603,"minecraft:swim_one_cm":15852,"minecraft:fly_one_cm":11128,"minecraft:crouch_one_cm":1437,"minecraft:play_time":19398,"minecraft:deaths":5,"minecraft:sneak_time":1386,"minecraft:walk_under_water_one_cm":4278,"minecraft:jump":76,"minecraft:leave_game":2,"minecraft:walk_on_water_one_cm":14477,"minecraft:time_since_death":1006,"minecraft:climb_one_cm":857,"minecraft:total_world_time":19398,"minecraft:fall_one_cm":418},"minecraft:killed":{"minecraft:zombie":3},"minecraft:picked_up":{"minecraft:jungle_log":7,"minecraft:gravel":25,"minecraft:sand":1,"minecraft:flint":3,"minecraft:dirt":17,"tough_beginnings:flint_shard":2,"minecraft:rotten_flesh":4,"tough_beginnings:raw_flint":7,"minecraft:bamboo":31,"lightmanscurrency:coin_iron":3},"minecraft:crafted":{"minecraft:stick":15,"farmersdelight:flint_knife":1,"minecraft:jungle_planks":28},"minecraft:dropped":{"gravestone:obituary":2},"minecraft:mined":{"minecraft:seagrass":1,"gravestone:gravestone":1,"minecraft:grass":1,"minecraft:grass_block":2,"minecraft:vine":1,"minecraft:jungle_log":7,"minecraft:gravel":32,"minecraft:sand":1,"minecraft:dirt":15,"minecraft:bamboo":2}},"DataVersion":3465}