{"stats":{"minecraft:killed_by":{"undead_revamp2:thesmoker":1,"minecraft:creeper":1},"minecraft:dropped":{"minecraft:wheat_seeds":1},"minecraft:used":{"minecraft:gravel":81,"minecraft:spruce_sapling":1,"farmersdelight:flint_knife":48,"minecraft:crafting_table":5,"minecraft:spruce_log":1},"minecraft:crafted":{"tough_beginnings:fiber_rope":2,"minecraft:crafting_table":1,"minecraft:spruce_planks":12,"minecraft:stick":4,"farmersdelight:flint_knife":1,"minecraft:gravel":2},"minecraft:custom":{"minecraft:time_since_rest":19690,"minecraft:sprint_one_cm":17802,"minecraft:damage_taken":655,"minecraft:walk_one_cm":39998,"minecraft:drop":1,"minecraft:damage_dealt":183,"minecraft:swim_one_cm":11512,"minecraft:interact_with_crafting_table":8,"minecraft:fly_one_cm":23329,"minecraft:player_kills":1,"minecraft:crouch_one_cm":2033,"minecraft:play_time":20900,"minecraft:deaths":2,"minecraft:sneak_time":1119,"minecraft:walk_under_water_one_cm":2340,"minecraft:jump":236,"minecraft:walk_on_water_one_cm":7340,"minecraft:time_since_death":19089,"minecraft:total_world_time":20900,"minecraft:fall_one_cm":2926},"minecraft:mined":{"minecraft:large_fern":8,"minecraft:spruce_log":5,"minecraft:crafting_table":5,"gravestone:gravestone":1,"minecraft:grass":10,"minecraft:gravel":96,"minecraft:spruce_leaves":28,"minecraft:fern":15},"minecraft:picked_up":{"minecraft:stick":3,"minecraft:crafting_table":5,"minecraft:gravel":80,"minecraft:flint":7,"minecraft:spruce_sapling":4,"minecraft:spruce_log":5,"tough_beginnings:flint_shard":14,"minecraft:wheat_seeds":3,"tough_beginnings:plantfiber":4,"tough_beginnings:raw_flint":16}},"DataVersion":3465}