{"stats":{"minecraft:broken":{"tough_beginnings:flint_axe":1},"minecraft:used":{"minecraft:jungle_log":2,"minecraft:gravel":27,"tough_beginnings:flint_axe":30,"farmersdelight:cutting_board":1,"minecraft:dirt":6,"farmersdelight:flint_knife":74,"minecraft:crafting_table":1},"minecraft:killed_by":{"undead_revamp2:the_moonflower":2,"undead_revamp2:therod":1,"minecraft:zombie":2},"minecraft:custom":{"minecraft:time_since_rest":2560,"minecraft:sprint_one_cm":14355,"minecraft:damage_taken":730,"minecraft:walk_one_cm":52298,"minecraft:mob_kills":3,"minecraft:drop":4,"minecraft:damage_dealt":603,"minecraft:swim_one_cm":33316,"minecraft:interact_with_crafting_table":11,"minecraft:fly_one_cm":16792,"minecraft:crouch_one_cm":1471,"minecraft:play_time":31431,"minecraft:deaths":6,"minecraft:sneak_time":1644,"minecraft:walk_under_water_one_cm":6274,"minecraft:jump":128,"minecraft:leave_game":3,"minecraft:walk_on_water_one_cm":20121,"minecraft:time_since_death":1808,"minecraft:climb_one_cm":2163,"minecraft:total_world_time":31431,"minecraft:fall_one_cm":627},"minecraft:killed":{"minecraft:zombie":3},"minecraft:picked_up":{"minecraft:cocoa_beans":6,"minecraft:stick":4,"tough_beginnings:block_of_wood":72,"minecraft:jungle_log":38,"minecraft:gravel":29,"minecraft:sand":1,"minecraft:flint":3,"minecraft:dirt":19,"vinery:jungle_grapes_red":1,"lightmanscurrency:coin_copper":14,"tough_beginnings:flint_shard":2,"minecraft:rotten_flesh":4,"minecraft:wheat_seeds":5,"farmersdelight:straw":8,"tough_beginnings:plantfiber":11,"minecraft:jungle_sapling":4,"tough_beginnings:raw_flint":10,"minecraft:bamboo":31,"lightmanscurrency:coin_iron":3},"minecraft:crafted":{"farmersdelight:cutting_board":1,"tough_beginnings:fiber_rope":4,"minecraft:crafting_table":1,"tough_beginnings:flint_axe":2,"minecraft:stick":15,"farmersdelight:flint_knife":1,"minecraft:jungle_planks":28},"minecraft:dropped":{"tough_beginnings:block_of_wood":48,"minecraft:jungle_sapling":4,"gravestone:obituary":2},"minecraft:mined":{"minecraft:seagrass":1,"gravestone:gravestone":2,"minecraft:cocoa":2,"minecraft:grass":35,"minecraft:grass_block":3,"minecraft:vine":1,"minecraft:jungle_log":39,"minecraft:gravel":39,"minecraft:sand":1,"minecraft:dirt":16,"minecraft:bamboo":2,"minecraft:fern":8}},"DataVersion":3465}