{"stats":{"minecraft:broken":{"tough_beginnings:flint_axe":1},"minecraft:used":{"minecraft:moss_block":5,"minecraft:blackstone":1,"minecraft:chest":1,"vinery:jungle_grapes_red":1,"tough_beginnings:flint_axe":33,"minecraft:dirt":23,"farmersdelight:flint_knife":74,"minecraft:crafting_table":2,"minecraft:campfire":1,"minecraft:granite":1,"minecraft:iron_pickaxe":1,"minecraft:jungle_log":2,"minecraft:gravel":27,"farmersdelight:cutting_board":2},"minecraft:killed_by":{"undead_revamp2:the_moonflower":2,"undead_revamp2:therod":1,"minecraft:zombie":4},"minecraft:custom":{"minecraft:mob_kills":3,"minecraft:interact_with_crafting_table":16,"minecraft:open_barrel":17,"minecraft:leave_game":3,"minecraft:time_since_death":13015,"minecraft:climb_one_cm":2533,"minecraft:time_since_rest":13047,"minecraft:sprint_one_cm":41244,"minecraft:damage_taken":1210,"minecraft:walk_one_cm":74329,"minecraft:drop":8,"minecraft:damage_dealt":652,"minecraft:swim_one_cm":58547,"minecraft:fly_one_cm":63210,"minecraft:open_chest":7,"minecraft:crouch_one_cm":2005,"minecraft:play_time":46657,"minecraft:deaths":8,"minecraft:sneak_time":2344,"minecraft:walk_under_water_one_cm":9854,"minecraft:jump":365,"minecraft:walk_on_water_one_cm":46134,"minecraft:total_world_time":46657,"minecraft:fall_one_cm":7979},"minecraft:killed":{"minecraft:zombie":3},"minecraft:picked_up":{"minecraft:cocoa_beans":6,"minecraft:crafting_table":1,"tough_beginnings:block_of_wood":76,"minecraft:clay_ball":8,"minecraft:jungle_log":39,"minecraft:flint":3,"farmersdelight:cutting_board":1,"minecraft:dirt":30,"tough_beginnings:flint_shard":2,"minecraft:blackstone":1,"minecraft:wheat_seeds":5,"farmersdelight:straw":8,"tough_beginnings:plantfiber":11,"minecraft:jungle_sapling":4,"minecraft:smooth_quartz":2,"minecraft:bamboo":31,"lightmanscurrency:coin_iron":3,"minecraft:moss_block":5,"minecraft:stick":4,"minecraft:gravel":29,"minecraft:sand":5,"lightmanscurrency:coin_copper":14,"minecraft:rotten_flesh":5,"vinery:jungle_grapes_red":7,"minecraft:granite":1,"tough_beginnings:raw_flint":10},"minecraft:crafted":{"tough_beginnings:fiber_rope":4,"tough_beginnings:flint_axe":2,"minecraft:crafting_table":1,"farmersdelight:flint_knife":1,"minecraft:campfire":1,"minecraft:jungle_planks":28,"farmersdelight:cutting_board":1,"minecraft:stick":15,"minecraft:iron_pickaxe":1,"minecraft:chest":1,"minecraft:shears":1},"minecraft:dropped":{"tough_beginnings:block_of_wood":52,"minecraft:jungle_sapling":4,"gravestone:obituary":2},"minecraft:mined":{"minecraft:clay":2,"minecraft:crafting_table":1,"gravestone:gravestone":5,"minecraft:granite":1,"minecraft:grass_block":5,"minecraft:jungle_log":39,"minecraft:moss_block":5,"minecraft:seagrass":1,"minecraft:grass":39,"minecraft:vine":1,"minecraft:cocoa":2,"minecraft:gravel":39,"minecraft:sand":5,"minecraft:dirt":26,"minecraft:bamboo":2,"minecraft:fern":9}},"DataVersion":3465}