{"stats":{"minecraft:mined":{"minecraft:grass":10,"minecraft:gravel":23,"farmersdelight:wild_carrots":28},"minecraft:picked_up":{"minecraft:wheat_seeds":3,"minecraft:gravel":18,"simplehats:ranahat":1,"tough_beginnings:raw_flint":5,"minecraft:carrot":28},"minecraft:custom":{"minecraft:open_barrel":3,"minecraft:time_since_rest":3587,"minecraft:open_chest":3,"minecraft:crouch_one_cm":24,"minecraft:play_time":3587,"minecraft:sprint_one_cm":10159,"minecraft:walk_one_cm":9470,"minecraft:sneak_time":27,"minecraft:walk_under_water_one_cm":374,"minecraft:drop":2,"minecraft:jump":51,"minecraft:time_since_death":3587,"minecraft:walk_on_water_one_cm":2921,"minecraft:total_world_time":3587,"minecraft:climb_one_cm":132,"minecraft:swim_one_cm":2415,"minecraft:fall_one_cm":418,"minecraft:fly_one_cm":15797},"minecraft:dropped":{"minecraft:wheat_seeds":3}},"DataVersion":3465}