{"stats":{"minecraft:custom":{"minecraft:interact_with_crafting_table":54,"minecraft:open_barrel":29,"minecraft:leave_game":2,"minecraft:time_since_death":84352,"minecraft:climb_one_cm":5066,"minecraft:sprint_one_cm":207590,"minecraft:walk_one_cm":303511,"minecraft:drop":64,"minecraft:play_time":123159,"minecraft:deaths":11,"minecraft:sneak_time":8970,"minecraft:walk_under_water_one_cm":11361,"minecraft:jump":1338,"minecraft:walk_on_water_one_cm":13074,"minecraft:total_world_time":123159,"minecraft:interact_with_furnace":29,"minecraft:interact_with_loom":1,"minecraft:time_since_rest":84378,"minecraft:damage_taken":2130,"minecraft:damage_dealt":89,"minecraft:swim_one_cm":93528,"minecraft:fly_one_cm":324396,"minecraft:open_chest":33,"minecraft:crouch_one_cm":10138,"minecraft:fall_one_cm":22380},"minecraft:killed_by":{"undead_revamp2:sucker":1,"undead_revamp2:the_moonflower":3,"minecraft:drowned":1,"undead_revamp2:thespitter":1,"sanitydim:sneaking_terror":1,"minecraft:zombie":2,"undead_revamp2:theheavy":1},"minecraft:picked_up":{"minecraft:crafting_table":5,"tough_beginnings:block_of_wood":10,"minecraft:potion":1,"simplehats:udder_hat":2,"farmersdelight:cutting_board":1,"minecraft:raw_copper":25,"tough_beginnings:flint_shard":12,"farmersdelight:straw":117,"tough_beginnings:plantfiber":231,"minecraft:melon_slice":11,"minecraft:sugar_cane":5,"vinery:jungle_grape_seeds_white":13,"minecraft:furnace":1,"minecraft:stick":72,"minecraft:raw_iron":13,"minecraft:torch":2,"minecraft:diorite":1,"minecraft:carrot":28,"tough_beginnings:flint_axe":2,"minecraft:rotten_flesh":4,"supplementaries:ash":1,"minecraft:cobblestone":213,"minecraft:andesite":4,"minecraft:jungle_log":1,"minecraft:flint":7,"minecraft:oak_log":23,"supplementaries:flute":1,"minecraft:dirt":42,"minecraft:glass":3,"minecraft:apple":1,"minecraft:wheat_seeds":109,"minecraft:glass_bottle":1,"minecraft:bamboo":20,"tacz:gun_smith_table":1,"minecraft:oak_planks":3,"tough_beginnings:fiber_rope":18,"bakery:strawberry":1,"vinery:jungle_grapes_white":37,"minecraft:gravel":61,"minecraft:jungle_planks":1,"simplehats:ranahat":2,"vinery:jungle_grapes_red":4,"minecraft:granite":40,"minecraft:grass":3,"tough_beginnings:raw_flint":15,"minecraft:oak_sapling":22,"minecraft:oak_leaves":68,"minecraft:coal":29},"minecraft:crafted":{"minecraft:oak_planks":68,"tough_beginnings:flint_axe":4,"minecraft:furnace":1,"tough_beginnings:flintknife":1,"tough_beginnings:pile_of_fiber":26,"minecraft:glass":3,"minecraft:stone_pickaxe":7,"marbledsarsenal:oak_ghillie_chestplate":2,"supplementaries:flute":2,"minecraft:glass_bottle":3,"tough_beginnings:fiber_rope":23,"minecraft:crafting_table":1,"farmersdelight:flint_knife":2,"minecraft:gravel":1,"tacz:gun_smith_table":1,"minecraft:air":0,"minecraft:jungle_planks":4,"farmersdelight:cutting_board":1,"minecraft:charcoal":1,"minecraft:shield":1,"minecraft:stick":30,"minecraft:iron_ingot":14,"minecraft:iron_pickaxe":1,"minecraft:iron_block":1,"minecraft:torch":44,"marbledsarsenal:oak_ghillie_leggings":2,"minecraft:shears":1},"minecraft:mined":{"farmersdelight:wild_carrots":28,"minecraft:jungle_leaves":1,"minecraft:granite":35,"gravestone:gravestone":8,"minecraft:grass_block":21,"minecraft:jungle_planks":1,"minecraft:jungle_log":1,"tacz:gun_smith_table":1,"minecraft:furnace":1,"minecraft:iron_ore":13,"minecraft:andesite":5,"supplementaries:stick":52,"minecraft:vine":3,"minecraft:bamboo_sapling":1,"minecraft:bamboo":2,"minecraft:stone":223,"minecraft:crafting_table":6,"bakery:wild_strawberries":1,"minecraft:melon":2,"tough_beginnings:pile_of_fiber":3,"minecraft:tall_grass":3,"minecraft:copper_ore":8,"minecraft:sugar_cane":3,"minecraft:oak_planks":3,"minecraft:diorite":1,"minecraft:wall_torch":2,"farmersdelight:cutting_board":1,"minecraft:grass":722,"minecraft:oak_log":27,"minecraft:coal_ore":21,"vinery:jungle_grape_bush_white":1,"minecraft:gravel":78,"minecraft:dirt":21,"minecraft:oak_leaves":74,"minecraft:fern":168},"minecraft:broken":{"tough_beginnings:flint_axe":1,"minecraft:stone_pickaxe":2},"minecraft:used":{"marbledsarsenal:oak_ghillie_leggings":1,"tacz:gun_smith_table":2,"minecraft:grass":3,"minecraft:stick":59,"minecraft:torch":12,"minecraft:dirt":13,"farmersdelight:flint_knife":849,"minecraft:jungle_planks":4,"marbledsarsenal:oak_ghillie_chestplate":1,"minecraft:granite":1,"minecraft:bamboo":2,"farmersdelight:cutting_board":2,"minecraft:furnace":1,"minecraft:oak_sapling":1,"minecraft:water_bucket":8,"minecraft:diorite":1,"minecraft:glass_bottle":7,"tough_beginnings:pile_of_fiber":26,"minecraft:stone_pickaxe":295,"minecraft:oak_planks":3,"tough_beginnings:flint_axe":38,"minecraft:crafting_table":6,"minecraft:shears":74,"vinery:jungle_grapes_white":5,"minecraft:melon_slice":1,"minecraft:iron_pickaxe":26,"minecraft:gravel":56,"minecraft:cobblestone":9,"minecraft:potion":6,"minecraft:bucket":9},"minecraft:dropped":{"minecraft:wheat_seeds":91,"marbledsarsenal:oak_ghillie_leggings":1,"minecraft:glass_bottle":2,"tough_beginnings:fiber_rope":18,"vinery:jungle_grape_seeds_white":13,"minecraft:cobblestone":64,"minecraft:granite":39,"marbledsarsenal:oak_ghillie_chestplate":1,"minecraft:stick":5,"tough_beginnings:block_of_wood":1,"minecraft:potion":1,"gravestone:obituary":8,"tough_beginnings:flint_shard":6,"minecraft:string":16,"minecraft:gold_ingot":4,"minecraft:gravel":6,"simplehats:udder_hat":2,"minecraft:rotten_flesh":8,"tough_beginnings:raw_flint":2,"farmersdelight:straw":143,"minecraft:carrot":28,"tough_beginnings:flint_axe":4,"farmersdelight:flint_knife":1,"minecraft:gunpowder":12,"minecraft:oak_sapling":20,"minecraft:stone_pickaxe":1,"simplehats:ranahat":1,"supplementaries:flute":1}},"DataVersion":3465}