{"stats":{"minecraft:killed_by":{"minecraft:creeper":1,"undead_revamp2:thesmoker":1},"minecraft:crafted":{"minecraft:crafting_table":1,"minecraft:spruce_planks":12,"minecraft:stick":4,"farmersdelight:flint_knife":1},"minecraft:used":{"minecraft:crafting_table":3,"minecraft:gravel":45},"minecraft:custom":{"minecraft:time_since_rest":7690,"minecraft:crouch_one_cm":1966,"minecraft:play_time":8900,"minecraft:sprint_one_cm":3028,"minecraft:deaths":2,"minecraft:damage_taken":600,"minecraft:walk_one_cm":13772,"minecraft:sneak_time":1021,"minecraft:walk_under_water_one_cm":1057,"minecraft:jump":77,"minecraft:damage_dealt":48,"minecraft:time_since_death":7089,"minecraft:walk_on_water_one_cm":1891,"minecraft:total_world_time":8900,"minecraft:interact_with_crafting_table":3,"minecraft:swim_one_cm":4475,"minecraft:fly_one_cm":8106,"minecraft:fall_one_cm":836},"minecraft:mined":{"minecraft:large_fern":3,"minecraft:gravel":54,"minecraft:spruce_log":4,"minecraft:spruce_leaves":16,"minecraft:crafting_table":3},"minecraft:picked_up":{"minecraft:crafting_table":3,"minecraft:stick":1,"tough_beginnings:flint_shard":8,"minecraft:gravel":45,"minecraft:flint":3,"tough_beginnings:raw_flint":9,"minecraft:spruce_sapling":2,"minecraft:spruce_log":4}},"DataVersion":3465}