{"stats":{"minecraft:broken":{"tough_beginnings:flint_axe":1},"minecraft:used":{"minecraft:jungle_log":2,"minecraft:gravel":27,"farmersdelight:flint_knife":74,"minecraft:dirt":6,"tough_beginnings:flint_axe":30,"farmersdelight:cutting_board":1,"minecraft:crafting_table":1},"minecraft:killed_by":{"undead_revamp2:the_moonflower":2,"undead_revamp2:therod":1,"minecraft:zombie":4},"minecraft:custom":{"minecraft:time_since_rest":1047,"minecraft:sprint_one_cm":20393,"minecraft:damage_taken":1070,"minecraft:walk_one_cm":62108,"minecraft:mob_kills":3,"minecraft:drop":4,"minecraft:damage_dealt":652,"minecraft:swim_one_cm":38150,"minecraft:interact_with_crafting_table":12,"minecraft:fly_one_cm":30239,"minecraft:open_barrel":3,"minecraft:crouch_one_cm":1471,"minecraft:play_time":34657,"minecraft:sneak_time":1644,"minecraft:deaths":8,"minecraft:walk_under_water_one_cm":6297,"minecraft:jump":199,"minecraft:leave_game":3,"minecraft:time_since_death":1015,"minecraft:walk_on_water_one_cm":20471,"minecraft:total_world_time":34657,"minecraft:climb_one_cm":2175,"minecraft:fall_one_cm":2777},"minecraft:killed":{"minecraft:zombie":3},"minecraft:picked_up":{"minecraft:cocoa_beans":6,"minecraft:stick":4,"tough_beginnings:block_of_wood":72,"minecraft:jungle_log":38,"minecraft:gravel":29,"minecraft:sand":1,"minecraft:flint":3,"minecraft:dirt":19,"lightmanscurrency:coin_copper":14,"tough_beginnings:flint_shard":2,"vinery:jungle_grapes_red":1,"minecraft:rotten_flesh":4,"minecraft:wheat_seeds":5,"farmersdelight:straw":8,"tough_beginnings:plantfiber":11,"tough_beginnings:raw_flint":10,"minecraft:jungle_sapling":4,"minecraft:bamboo":31,"lightmanscurrency:coin_iron":3},"minecraft:crafted":{"farmersdelight:cutting_board":1,"tough_beginnings:fiber_rope":4,"minecraft:crafting_table":1,"tough_beginnings:flint_axe":2,"minecraft:stick":15,"farmersdelight:flint_knife":1,"minecraft:jungle_planks":28},"minecraft:dropped":{"tough_beginnings:block_of_wood":48,"gravestone:obituary":2,"minecraft:jungle_sapling":4},"minecraft:mined":{"minecraft:seagrass":1,"gravestone:gravestone":3,"minecraft:grass":35,"minecraft:grass_block":3,"minecraft:cocoa":2,"minecraft:vine":1,"minecraft:jungle_log":39,"minecraft:gravel":39,"minecraft:sand":1,"minecraft:dirt":16,"minecraft:bamboo":2,"minecraft:fern":8}},"DataVersion":3465}