{"stats":{"minecraft:mined":{"farmersdelight:wild_carrots":28,"minecraft:jungle_leaves":1,"minecraft:crafting_table":1,"gravestone:gravestone":3,"minecraft:grass":217,"minecraft:oak_log":17,"minecraft:grass_block":6,"minecraft:vine":2,"minecraft:jungle_log":1,"minecraft:gravel":56,"minecraft:dirt":10,"minecraft:tall_grass":3,"minecraft:bamboo":1,"minecraft:sugar_cane":3,"minecraft:oak_leaves":4,"minecraft:fern":39},"minecraft:picked_up":{"minecraft:stick":4,"minecraft:crafting_table":1,"vinery:jungle_grapes_white":7,"minecraft:jungle_log":1,"minecraft:gravel":45,"minecraft:flint":3,"minecraft:oak_log":17,"simplehats:ranahat":1,"minecraft:carrot":28,"minecraft:dirt":16,"tough_beginnings:flint_shard":6,"minecraft:apple":1,"minecraft:wheat_seeds":36,"farmersdelight:straw":40,"tough_beginnings:plantfiber":62,"tough_beginnings:raw_flint":11,"minecraft:bamboo":13,"minecraft:oak_sapling":17,"minecraft:sugar_cane":5,"minecraft:coal":3},"minecraft:used":{"vinery:jungle_grapes_white":2,"minecraft:gravel":39,"tough_beginnings:flint_axe":22,"minecraft:dirt":10,"farmersdelight:flint_knife":242,"minecraft:crafting_table":1},"minecraft:custom":{"minecraft:time_since_rest":370,"minecraft:sprint_one_cm":78713,"minecraft:damage_taken":1530,"minecraft:walk_one_cm":84330,"minecraft:drop":23,"minecraft:damage_dealt":89,"minecraft:swim_one_cm":63336,"minecraft:interact_with_crafting_table":1,"minecraft:fly_one_cm":162063,"minecraft:open_barrel":3,"minecraft:open_chest":3,"minecraft:crouch_one_cm":477,"minecraft:play_time":27587,"minecraft:interact_with_loom":1,"minecraft:deaths":8,"minecraft:sneak_time":268,"minecraft:walk_under_water_one_cm":8097,"minecraft:jump":579,"minecraft:walk_on_water_one_cm":10998,"minecraft:time_since_death":332,"minecraft:climb_one_cm":2050,"minecraft:total_world_time":27587,"minecraft:fall_one_cm":10391},"minecraft:crafted":{"farmersdelight:cutting_board":1,"minecraft:oak_planks":68,"tough_beginnings:fiber_rope":20,"minecraft:crafting_table":1,"tough_beginnings:flint_axe":2,"minecraft:stick":10,"farmersdelight:flint_knife":1},"minecraft:dropped":{"minecraft:gravel":6,"tough_beginnings:flint_axe":1,"minecraft:wheat_seeds":22,"minecraft:gunpowder":12,"minecraft:oak_sapling":17,"tough_beginnings:fiber_rope":18,"gravestone:obituary":4,"minecraft:rotten_flesh":8,"tough_beginnings:raw_flint":2,"farmersdelight:straw":40,"tough_beginnings:flint_shard":6,"minecraft:string":16,"minecraft:carrot":28,"minecraft:gold_ingot":4,"minecraft:stick":3},"minecraft:killed_by":{"sanitydim:sneaking_terror":1,"undead_revamp2:sucker":1,"minecraft:drowned":1,"undead_revamp2:the_moonflower":1,"undead_revamp2:thespitter":1,"minecraft:zombie":2}},"DataVersion":3465}