{"stats":{"minecraft:broken":{"tough_beginnings:flint_axe":1},"minecraft:mined":{"farmersdelight:wild_carrots":28,"minecraft:jungle_leaves":1,"minecraft:crafting_table":1,"gravestone:gravestone":5,"minecraft:grass_block":6,"minecraft:jungle_log":1,"tough_beginnings:pile_of_fiber":2,"minecraft:tall_grass":3,"minecraft:oak_planks":1,"minecraft:sugar_cane":3,"minecraft:grass":370,"supplementaries:stick":2,"minecraft:oak_log":27,"minecraft:vine":2,"vinery:jungle_grape_bush_white":1,"minecraft:gravel":60,"minecraft:dirt":10,"minecraft:bamboo":1,"minecraft:oak_leaves":4,"minecraft:fern":74},"minecraft:picked_up":{"minecraft:crafting_table":1,"tough_beginnings:block_of_wood":10,"minecraft:jungle_log":1,"minecraft:flint":5,"minecraft:oak_log":22,"simplehats:udder_hat":1,"minecraft:dirt":16,"tough_beginnings:flint_shard":10,"minecraft:apple":1,"minecraft:wheat_seeds":58,"farmersdelight:straw":64,"tough_beginnings:plantfiber":98,"minecraft:bamboo":13,"minecraft:sugar_cane":5,"minecraft:oak_planks":1,"vinery:jungle_grape_seeds_white":7,"minecraft:stick":10,"vinery:jungle_grapes_white":24,"minecraft:gravel":47,"simplehats:ranahat":1,"minecraft:carrot":28,"minecraft:rotten_flesh":2,"tough_beginnings:raw_flint":12,"supplementaries:ash":1,"minecraft:oak_sapling":20,"minecraft:coal":3},"minecraft:custom":{"minecraft:interact_with_crafting_table":5,"minecraft:open_barrel":3,"minecraft:interact_with_loom":1,"minecraft:time_since_death":780,"minecraft:climb_one_cm":2670,"minecraft:time_since_rest":806,"minecraft:sprint_one_cm":121172,"minecraft:damage_taken":2110,"minecraft:walk_one_cm":114953,"minecraft:drop":29,"minecraft:damage_dealt":89,"minecraft:swim_one_cm":69864,"minecraft:fly_one_cm":267228,"minecraft:open_chest":3,"minecraft:crouch_one_cm":589,"minecraft:play_time":39587,"minecraft:deaths":11,"minecraft:sneak_time":450,"minecraft:walk_under_water_one_cm":8794,"minecraft:jump":898,"minecraft:walk_on_water_one_cm":11332,"minecraft:total_world_time":39587,"minecraft:fall_one_cm":17318},"minecraft:used":{"tough_beginnings:pile_of_fiber":3,"minecraft:oak_planks":1,"minecraft:stick":2,"tough_beginnings:flint_axe":32,"minecraft:dirt":10,"farmersdelight:flint_knife":421,"minecraft:crafting_table":2,"vinery:jungle_grapes_white":2,"minecraft:gravel":39,"farmersdelight:cutting_board":1},"minecraft:crafted":{"minecraft:oak_planks":68,"tough_beginnings:fiber_rope":20,"minecraft:crafting_table":1,"tough_beginnings:flint_axe":2,"farmersdelight:flint_knife":1,"tough_beginnings:pile_of_fiber":5,"farmersdelight:cutting_board":1,"minecraft:stick":10},"minecraft:dropped":{"minecraft:gravel":6,"minecraft:wheat_seeds":55,"simplehats:udder_hat":1,"tough_beginnings:fiber_rope":18,"minecraft:rotten_flesh":8,"tough_beginnings:raw_flint":2,"farmersdelight:straw":63,"minecraft:carrot":28,"minecraft:stick":3,"tough_beginnings:block_of_wood":1,"tough_beginnings:flint_axe":1,"minecraft:gunpowder":12,"minecraft:oak_sapling":20,"gravestone:obituary":5,"tough_beginnings:flint_shard":6,"minecraft:string":16,"minecraft:gold_ingot":4},"minecraft:killed_by":{"sanitydim:sneaking_terror":1,"undead_revamp2:sucker":1,"undead_revamp2:the_moonflower":3,"minecraft:zombie":2,"undead_revamp2:theheavy":1,"minecraft:drowned":1,"undead_revamp2:thespitter":1}},"DataVersion":3465}