{"stats":{"minecraft:mined":{"farmersdelight:wild_carrots":28,"minecraft:jungle_leaves":1,"gravestone:gravestone":1,"minecraft:grass":123,"minecraft:grass_block":6,"minecraft:vine":2,"minecraft:jungle_log":1,"minecraft:gravel":56,"minecraft:dirt":10,"minecraft:bamboo":1,"minecraft:oak_leaves":4,"minecraft:fern":23},"minecraft:picked_up":{"minecraft:jungle_log":1,"minecraft:gravel":45,"minecraft:flint":3,"simplehats:ranahat":1,"minecraft:carrot":28,"minecraft:dirt":16,"tough_beginnings:flint_shard":6,"minecraft:wheat_seeds":22,"farmersdelight:straw":16,"tough_beginnings:plantfiber":40,"tough_beginnings:raw_flint":11,"minecraft:bamboo":13,"minecraft:oak_sapling":1,"minecraft:coal":3},"minecraft:used":{"minecraft:gravel":39,"tough_beginnings:flint_axe":3,"minecraft:dirt":5,"farmersdelight:flint_knife":132},"minecraft:custom":{"minecraft:time_since_rest":161,"minecraft:sprint_one_cm":42331,"minecraft:damage_taken":630,"minecraft:walk_one_cm":61655,"minecraft:drop":16,"minecraft:damage_dealt":6,"minecraft:swim_one_cm":16018,"minecraft:fly_one_cm":84860,"minecraft:open_barrel":3,"minecraft:open_chest":3,"minecraft:crouch_one_cm":278,"minecraft:play_time":15587,"minecraft:interact_with_loom":1,"minecraft:deaths":3,"minecraft:sneak_time":236,"minecraft:walk_under_water_one_cm":638,"minecraft:jump":320,"minecraft:walk_on_water_one_cm":5732,"minecraft:time_since_death":127,"minecraft:climb_one_cm":1756,"minecraft:total_world_time":15587,"minecraft:fall_one_cm":5797},"minecraft:crafted":{"tough_beginnings:fiber_rope":20,"tough_beginnings:flint_axe":2,"minecraft:stick":6,"farmersdelight:flint_knife":1},"minecraft:dropped":{"minecraft:gravel":6,"tough_beginnings:flint_axe":1,"minecraft:wheat_seeds":22,"minecraft:gunpowder":12,"tough_beginnings:fiber_rope":18,"minecraft:rotten_flesh":8,"tough_beginnings:raw_flint":2,"farmersdelight:straw":16,"tough_beginnings:flint_shard":6,"minecraft:string":16,"minecraft:carrot":28,"minecraft:gold_ingot":4,"minecraft:stick":3},"minecraft:killed_by":{"undead_revamp2:sucker":1,"undead_revamp2:thespitter":1,"minecraft:zombie":1}},"DataVersion":3465}