{"stats":{"minecraft:broken":{"tough_beginnings:flint_axe":1},"minecraft:used":{"minecraft:moss_block":5,"minecraft:blackstone":1,"minecraft:chest":1,"vinery:jungle_grapes_red":1,"minecraft:oak_leaves":2,"tough_beginnings:flint_axe":33,"minecraft:sand":1,"minecraft:dirt":25,"farmersdelight:flint_knife":74,"minecraft:crafting_table":3,"minecraft:campfire":1,"minecraft:granite":1,"minecraft:shears":24,"minecraft:bread":1,"minecraft:iron_pickaxe":17,"minecraft:jungle_log":2,"minecraft:gravel":27,"farmersdelight:cutting_board":2,"minecraft:cobblestone":2},"minecraft:killed_by":{"undead_revamp2:the_moonflower":2,"undead_revamp2:therod":1,"minecraft:zombie":5},"minecraft:custom":{"minecraft:mob_kills":3,"minecraft:interact_with_crafting_table":18,"minecraft:open_barrel":17,"minecraft:leave_game":4,"minecraft:time_since_death":1249,"minecraft:climb_one_cm":2533,"minecraft:time_since_rest":1301,"minecraft:sprint_one_cm":46017,"minecraft:damage_taken":1340,"minecraft:walk_one_cm":79976,"minecraft:drop":9,"minecraft:damage_dealt":681,"minecraft:swim_one_cm":62465,"minecraft:fly_one_cm":75852,"minecraft:open_chest":11,"minecraft:crouch_one_cm":2396,"minecraft:play_time":56276,"minecraft:deaths":9,"minecraft:sneak_time":2761,"minecraft:walk_under_water_one_cm":13538,"minecraft:jump":428,"minecraft:walk_on_water_one_cm":49247,"minecraft:total_world_time":56276,"minecraft:fall_one_cm":9709},"minecraft:killed":{"minecraft:zombie":3},"minecraft:picked_up":{"minecraft:cocoa_beans":6,"minecraft:crafting_table":1,"simplehats:hatbag_rare":1,"tough_beginnings:block_of_wood":76,"minecraft:clay_ball":8,"minecraft:jungle_log":39,"minecraft:flint":3,"farmersdelight:cutting_board":1,"minecraft:dirt":31,"tough_beginnings:flint_shard":2,"minecraft:blackstone":1,"minecraft:wheat_seeds":5,"farmersdelight:straw":8,"tough_beginnings:plantfiber":11,"minecraft:jungle_sapling":4,"minecraft:smooth_quartz":2,"minecraft:bamboo":31,"lightmanscurrency:coin_iron":3,"minecraft:moss_block":5,"minecraft:stick":4,"minecraft:sandstone":3,"minecraft:gravel":29,"minecraft:sand":24,"lightmanscurrency:coin_copper":14,"minecraft:rotten_flesh":5,"vinery:jungle_grapes_red":7,"minecraft:granite":1,"tough_beginnings:raw_flint":10,"minecraft:oak_leaves":24,"minecraft:cobblestone":15},"minecraft:crafted":{"tough_beginnings:fiber_rope":4,"tough_beginnings:flint_axe":2,"minecraft:crafting_table":2,"farmersdelight:flint_knife":1,"minecraft:campfire":1,"minecraft:jungle_planks":32,"farmersdelight:cutting_board":1,"minecraft:stick":15,"minecraft:iron_pickaxe":1,"minecraft:stone_sword":1,"minecraft:chest":1,"minecraft:shears":1},"minecraft:dropped":{"simplehats:hatbag_rare":1,"tough_beginnings:block_of_wood":52,"minecraft:jungle_sapling":4,"gravestone:obituary":2},"minecraft:mined":{"minecraft:clay":2,"minecraft:crafting_table":1,"gravestone:gravestone":5,"minecraft:granite":1,"minecraft:grass_block":5,"minecraft:jungle_log":39,"minecraft:moss_block":5,"minecraft:sandstone":2,"minecraft:seagrass":1,"minecraft:grass":39,"minecraft:vine":1,"minecraft:cocoa":2,"minecraft:gravel":39,"minecraft:sand":13,"minecraft:dirt":27,"minecraft:bamboo":2,"minecraft:stone":14,"minecraft:oak_leaves":25,"minecraft:fern":9}},"DataVersion":3465}