{"stats":{"minecraft:broken":{"tough_beginnings:flint_axe":1},"minecraft:mined":{"farmersdelight:wild_carrots":28,"minecraft:jungle_leaves":1,"minecraft:crafting_table":4,"gravestone:gravestone":8,"bakery:wild_strawberries":1,"minecraft:grass_block":10,"minecraft:melon":2,"minecraft:jungle_log":1,"tough_beginnings:pile_of_fiber":3,"minecraft:tall_grass":3,"minecraft:oak_planks":3,"minecraft:sugar_cane":3,"farmersdelight:cutting_board":1,"minecraft:grass":626,"supplementaries:stick":42,"minecraft:oak_log":27,"minecraft:vine":3,"vinery:jungle_grape_bush_white":1,"minecraft:gravel":77,"minecraft:dirt":10,"minecraft:bamboo_sapling":1,"minecraft:bamboo":2,"minecraft:oak_leaves":4,"minecraft:fern":154},"minecraft:picked_up":{"minecraft:crafting_table":3,"tough_beginnings:block_of_wood":10,"minecraft:jungle_log":1,"minecraft:flint":7,"minecraft:oak_log":23,"farmersdelight:cutting_board":1,"simplehats:udder_hat":2,"minecraft:dirt":20,"tough_beginnings:flint_shard":12,"minecraft:apple":1,"minecraft:wheat_seeds":99,"farmersdelight:straw":105,"tough_beginnings:plantfiber":204,"minecraft:bamboo":20,"minecraft:melon_slice":11,"minecraft:sugar_cane":5,"minecraft:oak_planks":3,"vinery:jungle_grape_seeds_white":13,"tough_beginnings:fiber_rope":18,"minecraft:stick":57,"vinery:jungle_grapes_white":31,"minecraft:gravel":61,"simplehats:ranahat":2,"minecraft:carrot":28,"tough_beginnings:flint_axe":2,"vinery:jungle_grapes_red":4,"minecraft:rotten_flesh":4,"tough_beginnings:raw_flint":15,"supplementaries:ash":1,"minecraft:oak_sapling":21,"minecraft:coal":3},"minecraft:custom":{"minecraft:interact_with_crafting_table":22,"minecraft:open_barrel":3,"minecraft:interact_with_loom":1,"minecraft:time_since_death":36780,"minecraft:climb_one_cm":4582,"minecraft:time_since_rest":36806,"minecraft:sprint_one_cm":181079,"minecraft:damage_taken":2110,"minecraft:walk_one_cm":192758,"minecraft:drop":52,"minecraft:damage_dealt":89,"minecraft:swim_one_cm":84482,"minecraft:fly_one_cm":307852,"minecraft:open_chest":14,"minecraft:crouch_one_cm":2032,"minecraft:play_time":75587,"minecraft:deaths":11,"minecraft:sneak_time":2955,"minecraft:walk_under_water_one_cm":11170,"minecraft:jump":1090,"minecraft:walk_on_water_one_cm":12680,"minecraft:total_world_time":75587,"minecraft:fall_one_cm":20453},"minecraft:used":{"minecraft:water_bucket":2,"tough_beginnings:pile_of_fiber":22,"minecraft:oak_planks":3,"minecraft:stick":53,"tough_beginnings:flint_axe":36,"minecraft:dirt":12,"farmersdelight:flint_knife":748,"minecraft:crafting_table":4,"vinery:jungle_grapes_white":4,"minecraft:melon_slice":1,"minecraft:gravel":56,"minecraft:bamboo":2,"farmersdelight:cutting_board":2,"minecraft:oak_sapling":1,"minecraft:bucket":2},"minecraft:crafted":{"minecraft:oak_planks":68,"tough_beginnings:fiber_rope":23,"minecraft:crafting_table":1,"tough_beginnings:flint_axe":4,"farmersdelight:flint_knife":2,"minecraft:gravel":1,"minecraft:jungle_planks":4,"tough_beginnings:flintknife":1,"tough_beginnings:pile_of_fiber":22,"farmersdelight:cutting_board":1,"minecraft:stick":10,"supplementaries:flute":1},"minecraft:dropped":{"minecraft:gravel":6,"minecraft:wheat_seeds":75,"simplehats:udder_hat":2,"tough_beginnings:fiber_rope":18,"vinery:jungle_grape_seeds_white":13,"minecraft:rotten_flesh":8,"tough_beginnings:raw_flint":2,"farmersdelight:straw":131,"minecraft:carrot":28,"minecraft:stick":5,"tough_beginnings:block_of_wood":1,"tough_beginnings:flint_axe":4,"farmersdelight:flint_knife":1,"minecraft:gunpowder":12,"minecraft:oak_sapling":20,"gravestone:obituary":8,"tough_beginnings:flint_shard":6,"minecraft:string":16,"simplehats:ranahat":1,"minecraft:gold_ingot":4},"minecraft:killed_by":{"sanitydim:sneaking_terror":1,"undead_revamp2:sucker":1,"undead_revamp2:the_moonflower":3,"minecraft:zombie":2,"undead_revamp2:theheavy":1,"minecraft:drowned":1,"undead_revamp2:thespitter":1}},"DataVersion":3465}