{"stats":{"minecraft:killed_by":{"minecraft:zombie":1,"undead_revamp2:therod":1},"minecraft:custom":{"minecraft:time_since_rest":5931,"minecraft:crouch_one_cm":868,"minecraft:play_time":7398,"minecraft:deaths":2,"minecraft:damage_taken":220,"minecraft:walk_one_cm":30826,"minecraft:sneak_time":489,"minecraft:walk_under_water_one_cm":2849,"minecraft:drop":2,"minecraft:jump":37,"minecraft:leave_game":2,"minecraft:time_since_death":4842,"minecraft:walk_on_water_one_cm":8229,"minecraft:total_world_time":7398,"minecraft:climb_one_cm":857,"minecraft:swim_one_cm":5543,"minecraft:fly_one_cm":206},"minecraft:picked_up":{"minecraft:jungle_log":3,"minecraft:gravel":8,"tough_beginnings:raw_flint":4,"minecraft:bamboo":31},"minecraft:crafted":{"minecraft:stick":8},"minecraft:dropped":{"gravestone:obituary":2},"minecraft:mined":{"gravestone:gravestone":1,"minecraft:seagrass":1,"minecraft:grass":1,"minecraft:vine":1,"minecraft:jungle_log":3,"minecraft:gravel":12,"minecraft:bamboo":2}},"DataVersion":3465}