{"stats":{"minecraft:broken":{"tough_beginnings:flint_axe":1},"minecraft:mined":{"farmersdelight:wild_carrots":28,"minecraft:jungle_leaves":1,"minecraft:crafting_table":4,"gravestone:gravestone":8,"minecraft:grass_block":8,"minecraft:jungle_log":1,"tough_beginnings:pile_of_fiber":2,"minecraft:tall_grass":3,"minecraft:oak_planks":3,"minecraft:sugar_cane":3,"farmersdelight:cutting_board":1,"minecraft:grass":498,"supplementaries:stick":26,"minecraft:oak_log":27,"minecraft:vine":2,"vinery:jungle_grape_bush_white":1,"minecraft:gravel":77,"minecraft:dirt":10,"minecraft:bamboo":1,"minecraft:oak_leaves":4,"minecraft:fern":114},"minecraft:picked_up":{"minecraft:crafting_table":3,"tough_beginnings:block_of_wood":10,"minecraft:jungle_log":1,"minecraft:flint":7,"minecraft:oak_log":23,"farmersdelight:cutting_board":1,"simplehats:udder_hat":2,"minecraft:dirt":18,"tough_beginnings:flint_shard":12,"minecraft:apple":1,"minecraft:wheat_seeds":74,"farmersdelight:straw":79,"tough_beginnings:plantfiber":155,"minecraft:bamboo":13,"minecraft:sugar_cane":5,"minecraft:oak_planks":3,"vinery:jungle_grape_seeds_white":13,"tough_beginnings:fiber_rope":18,"minecraft:stick":39,"vinery:jungle_grapes_white":24,"minecraft:gravel":61,"simplehats:ranahat":2,"minecraft:carrot":28,"tough_beginnings:flint_axe":2,"minecraft:rotten_flesh":4,"tough_beginnings:raw_flint":15,"supplementaries:ash":1,"minecraft:oak_sapling":21,"minecraft:coal":3},"minecraft:custom":{"minecraft:interact_with_crafting_table":12,"minecraft:open_barrel":3,"minecraft:interact_with_loom":1,"minecraft:time_since_death":12780,"minecraft:climb_one_cm":2896,"minecraft:time_since_rest":12806,"minecraft:sprint_one_cm":137993,"minecraft:damage_taken":2110,"minecraft:walk_one_cm":150494,"minecraft:drop":45,"minecraft:damage_dealt":89,"minecraft:swim_one_cm":76427,"minecraft:fly_one_cm":287021,"minecraft:open_chest":3,"minecraft:crouch_one_cm":1156,"minecraft:play_time":51587,"minecraft:deaths":11,"minecraft:sneak_time":1111,"minecraft:walk_under_water_one_cm":9316,"minecraft:jump":972,"minecraft:walk_on_water_one_cm":11568,"minecraft:total_world_time":51587,"minecraft:fall_one_cm":18990},"minecraft:used":{"tough_beginnings:pile_of_fiber":11,"minecraft:oak_planks":3,"minecraft:stick":32,"tough_beginnings:flint_axe":36,"minecraft:dirt":10,"farmersdelight:flint_knife":579,"minecraft:crafting_table":4,"vinery:jungle_grapes_white":2,"minecraft:gravel":56,"farmersdelight:cutting_board":1,"minecraft:oak_sapling":1},"minecraft:crafted":{"minecraft:oak_planks":68,"tough_beginnings:fiber_rope":23,"minecraft:crafting_table":1,"tough_beginnings:flint_axe":4,"farmersdelight:flint_knife":2,"minecraft:gravel":1,"minecraft:jungle_planks":4,"tough_beginnings:flintknife":1,"tough_beginnings:pile_of_fiber":11,"farmersdelight:cutting_board":1,"minecraft:stick":10},"minecraft:dropped":{"minecraft:gravel":6,"minecraft:wheat_seeds":68,"simplehats:udder_hat":2,"tough_beginnings:fiber_rope":18,"vinery:jungle_grape_seeds_white":13,"minecraft:rotten_flesh":8,"tough_beginnings:raw_flint":2,"farmersdelight:straw":73,"minecraft:carrot":28,"minecraft:stick":5,"tough_beginnings:block_of_wood":1,"tough_beginnings:flint_axe":4,"farmersdelight:flint_knife":1,"minecraft:gunpowder":12,"minecraft:oak_sapling":20,"gravestone:obituary":6,"tough_beginnings:flint_shard":6,"minecraft:string":16,"simplehats:ranahat":1,"minecraft:gold_ingot":4},"minecraft:killed_by":{"sanitydim:sneaking_terror":1,"undead_revamp2:sucker":1,"undead_revamp2:the_moonflower":3,"minecraft:zombie":2,"undead_revamp2:theheavy":1,"minecraft:drowned":1,"undead_revamp2:thespitter":1}},"DataVersion":3465}