{"stats":{"minecraft:killed_by":{"sanitydim:sneaking_terror":1,"undead_revamp2:sucker":1,"undead_revamp2:the_moonflower":3,"minecraft:zombie":2,"undead_revamp2:theheavy":1,"minecraft:drowned":1,"undead_revamp2:thespitter":1},"minecraft:custom":{"minecraft:interact_with_furnace":6,"minecraft:interact_with_crafting_table":45,"minecraft:open_barrel":29,"minecraft:interact_with_loom":1,"minecraft:leave_game":2,"minecraft:time_since_death":68113,"minecraft:climb_one_cm":5066,"minecraft:time_since_rest":68139,"minecraft:sprint_one_cm":202839,"minecraft:damage_taken":2130,"minecraft:walk_one_cm":259139,"minecraft:drop":61,"minecraft:damage_dealt":89,"minecraft:swim_one_cm":93528,"minecraft:fly_one_cm":323973,"minecraft:open_chest":33,"minecraft:crouch_one_cm":5856,"minecraft:play_time":106920,"minecraft:deaths":11,"minecraft:sneak_time":6233,"minecraft:walk_under_water_one_cm":11361,"minecraft:jump":1251,"minecraft:walk_on_water_one_cm":13074,"minecraft:total_world_time":106920,"minecraft:fall_one_cm":22380},"minecraft:picked_up":{"minecraft:crafting_table":5,"tough_beginnings:block_of_wood":10,"minecraft:jungle_log":1,"minecraft:potion":1,"minecraft:flint":7,"minecraft:oak_log":23,"farmersdelight:cutting_board":1,"simplehats:udder_hat":2,"minecraft:dirt":42,"tough_beginnings:flint_shard":12,"minecraft:glass":3,"minecraft:apple":1,"minecraft:wheat_seeds":109,"farmersdelight:straw":117,"tough_beginnings:plantfiber":231,"minecraft:glass_bottle":1,"minecraft:bamboo":20,"minecraft:melon_slice":11,"minecraft:sugar_cane":5,"minecraft:oak_planks":3,"vinery:jungle_grape_seeds_white":13,"minecraft:furnace":1,"tough_beginnings:fiber_rope":18,"minecraft:stick":72,"bakery:strawberry":1,"vinery:jungle_grapes_white":37,"minecraft:gravel":61,"minecraft:jungle_planks":1,"simplehats:ranahat":2,"minecraft:carrot":28,"tough_beginnings:flint_axe":2,"minecraft:rotten_flesh":4,"vinery:jungle_grapes_red":4,"minecraft:granite":15,"minecraft:grass":3,"tough_beginnings:raw_flint":15,"supplementaries:ash":1,"minecraft:oak_sapling":22,"minecraft:oak_leaves":68,"minecraft:coal":29,"minecraft:cobblestone":49},"minecraft:crafted":{"minecraft:glass_bottle":3,"minecraft:oak_planks":68,"tough_beginnings:fiber_rope":23,"minecraft:crafting_table":1,"tough_beginnings:flint_axe":4,"farmersdelight:flint_knife":2,"minecraft:gravel":1,"minecraft:furnace":1,"minecraft:air":0,"minecraft:jungle_planks":4,"tough_beginnings:flintknife":1,"tough_beginnings:pile_of_fiber":26,"farmersdelight:cutting_board":1,"minecraft:glass":3,"minecraft:shield":1,"minecraft:stick":10,"minecraft:iron_ingot":1,"minecraft:iron_pickaxe":1,"minecraft:stone_pickaxe":2,"marbledsarsenal:oak_ghillie_leggings":2,"marbledsarsenal:oak_ghillie_chestplate":2,"minecraft:torch":8,"supplementaries:flute":2,"minecraft:shears":1},"minecraft:mined":{"farmersdelight:wild_carrots":28,"minecraft:jungle_leaves":1,"minecraft:crafting_table":6,"gravestone:gravestone":8,"minecraft:granite":10,"bakery:wild_strawberries":1,"minecraft:grass_block":21,"minecraft:melon":2,"minecraft:jungle_planks":1,"minecraft:jungle_log":1,"tough_beginnings:pile_of_fiber":3,"minecraft:tall_grass":3,"minecraft:oak_planks":3,"minecraft:sugar_cane":3,"minecraft:furnace":1,"farmersdelight:cutting_board":1,"minecraft:grass":722,"minecraft:coal_ore":21,"supplementaries:stick":52,"minecraft:oak_log":27,"minecraft:vine":3,"vinery:jungle_grape_bush_white":1,"minecraft:gravel":77,"minecraft:dirt":21,"minecraft:bamboo_sapling":1,"minecraft:bamboo":2,"minecraft:stone":38,"minecraft:oak_leaves":74,"minecraft:fern":168},"minecraft:broken":{"tough_beginnings:flint_axe":1},"minecraft:used":{"marbledsarsenal:oak_ghillie_leggings":1,"minecraft:water_bucket":7,"minecraft:glass_bottle":6,"tough_beginnings:pile_of_fiber":26,"minecraft:stone_pickaxe":56,"minecraft:oak_planks":3,"minecraft:grass":3,"minecraft:torch":1,"tough_beginnings:flint_axe":38,"minecraft:stick":59,"farmersdelight:flint_knife":849,"minecraft:dirt":13,"minecraft:crafting_table":6,"minecraft:jungle_planks":4,"minecraft:granite":1,"marbledsarsenal:oak_ghillie_chestplate":1,"minecraft:shears":74,"vinery:jungle_grapes_white":4,"minecraft:melon_slice":1,"minecraft:iron_pickaxe":26,"minecraft:gravel":56,"minecraft:bamboo":2,"farmersdelight:cutting_board":2,"minecraft:cobblestone":3,"minecraft:potion":5,"minecraft:furnace":1,"minecraft:oak_sapling":1,"minecraft:bucket":8},"minecraft:dropped":{"minecraft:gravel":6,"marbledsarsenal:oak_ghillie_leggings":1,"minecraft:wheat_seeds":91,"minecraft:glass_bottle":1,"simplehats:udder_hat":2,"tough_beginnings:fiber_rope":18,"vinery:jungle_grape_seeds_white":13,"minecraft:rotten_flesh":8,"tough_beginnings:raw_flint":2,"farmersdelight:straw":143,"marbledsarsenal:oak_ghillie_chestplate":1,"minecraft:carrot":28,"minecraft:stick":5,"tough_beginnings:block_of_wood":1,"tough_beginnings:flint_axe":4,"farmersdelight:flint_knife":1,"minecraft:gunpowder":12,"minecraft:oak_sapling":20,"minecraft:potion":1,"gravestone:obituary":8,"tough_beginnings:flint_shard":6,"minecraft:stone_pickaxe":1,"minecraft:string":16,"simplehats:ranahat":1,"minecraft:gold_ingot":4,"supplementaries:flute":1}},"DataVersion":3465}