{"stats":{"minecraft:killed":{"undead_revamp2:therod":1},"minecraft:mined":{"gravestone:gravestone":1,"minecraft:grass":14,"minecraft:grass_block":2,"minecraft:melon":1,"minecraft:vine":1,"minecraft:dirt":1,"minecraft:fern":5},"minecraft:picked_up":{"minecraft:wheat_seeds":3,"gravestone:obituary":1,"minecraft:melon_slice":7,"minecraft:dirt":3,"minecraft:egg":1},"minecraft:used":{"minecraft:wooden_sword":7,"minecraft:egg":1},"minecraft:custom":{"minecraft:time_since_rest":4012,"minecraft:damage_taken":520,"minecraft:crouch_one_cm":41,"minecraft:play_time":16548,"minecraft:sprint_one_cm":47223,"minecraft:deaths":3,"minecraft:walk_one_cm":60355,"minecraft:sneak_time":126,"minecraft:walk_under_water_one_cm":1742,"minecraft:mob_kills":1,"minecraft:drop":4,"minecraft:jump":227,"minecraft:damage_dealt":310,"minecraft:leave_game":4,"minecraft:time_since_death":3953,"minecraft:walk_on_water_one_cm":10707,"minecraft:climb_one_cm":751,"minecraft:total_world_time":16548,"minecraft:swim_one_cm":1893,"minecraft:fall_one_cm":4151,"minecraft:fly_one_cm":47296},"minecraft:dropped":{"gravestone:obituary":1,"minecraft:wheat_seeds":3},"minecraft:killed_by":{"minecraft:zombie":2,"undead_revamp2:the_moonflower":1}},"DataVersion":3465}