{"stats":{"minecraft:killed_by":{"minecraft:skeleton":1,"undead_revamp2:the_moonflower":4,"undead_revamp2:thesmoker":1},"minecraft:custom":{"minecraft:jump":72,"minecraft:time_since_rest":10879,"minecraft:crouch_one_cm":93,"minecraft:walk_on_water_one_cm":1494,"minecraft:sprint_one_cm":13599,"minecraft:deaths":6,"minecraft:play_time":14267,"minecraft:damage_taken":968,"minecraft:time_since_death":10425,"minecraft:walk_one_cm":6623,"minecraft:sneak_time":282,"minecraft:total_world_time":14267,"minecraft:walk_under_water_one_cm":1514,"minecraft:swim_one_cm":3874,"minecraft:fall_one_cm":745,"minecraft:fly_one_cm":147199},"minecraft:picked_up":{"minecraft:arrow":1,"minecraft:bone":1}},"DataVersion":3465}