{"stats":{"minecraft:killed_by":{"undead_revamp2:the_moonflower":1,"undead_revamp2:thespitter":1,"undead_revamp2:thehorrors":3,"minecraft:zombie":4,"undead_revamp2:theheavy":1},"minecraft:custom":{"minecraft:mob_kills":2,"minecraft:interact_with_crafting_table":45,"minecraft:open_barrel":15,"minecraft:leave_game":2,"minecraft:time_since_death":1096,"minecraft:climb_one_cm":1012,"minecraft:sprint_one_cm":430139,"minecraft:walk_one_cm":259097,"minecraft:drop":24,"minecraft:play_time":184784,"minecraft:deaths":13,"minecraft:sneak_time":5137,"minecraft:walk_under_water_one_cm":8011,"minecraft:jump":1989,"minecraft:interact_with_blast_furnace":2,"minecraft:walk_on_water_one_cm":18827,"minecraft:total_world_time":184784,"minecraft:interact_with_furnace":17,"minecraft:interact_with_loom":1,"minecraft:sleep_in_bed":4,"minecraft:time_since_rest":1123,"minecraft:damage_taken":2432,"minecraft:damage_dealt":405,"minecraft:swim_one_cm":17407,"minecraft:fly_one_cm":381060,"minecraft:open_chest":35,"minecraft:crouch_one_cm":9265,"minecraft:fall_one_cm":35382},"minecraft:picked_up":{"minecraft:cocoa_beans":3,"minecraft:crafting_table":1,"tough_beginnings:block_of_wood":5,"simplehats:hatbag_rare":1,"minecraft:potion":1,"simplehats:udder_hat":1,"minecraft:string":16,"tough_beginnings:flint_shard":6,"tacz:ammo":480,"butchersdelight:dead_cow":2,"farmersdelight:straw":74,"tough_beginnings:plantfiber":39,"minecraft:jungle_sapling":3,"minecraft:smooth_quartz":2,"minecraft:egg":2,"minecraft:stick":27,"minecraft:raw_iron":13,"simplehats:bucket":1,"simplehats:hatbag_common":2,"minecraft:torch":8,"marbledsarsenal:oak_ghillie_chestplate":1,"simplehats:milady_doll":1,"minecraft:diorite":21,"minecraft:carrot":29,"minecraft:light_blue_bed":2,"marbledsarsenal:oak_ghillie_leggings":1,"tough_beginnings:flint_axe":2,"minecraft:rotten_flesh":28,"minecraft:beetroot_seeds":1,"minecraft:gold_ingot":4,"firstaid:bandage":1,"supplementaries:ash":4,"minecraft:cobblestone":318,"minecraft:cooked_beef":2,"simplehats:holyhead":1,"farmersdelight:rice":4,"minecraft:jungle_log":37,"minecraft:andesite":15,"minecraft:flint":2,"minecraft:oak_log":10,"supplementaries:flute":1,"minecraft:gunpowder":12,"farmersdelight:flint_knife":1,"minecraft:dirt":33,"butchersdelight:deadchiken":1,"minecraft:bone":1,"minecraft:apple":1,"minecraft:wheat_seeds":39,"minecraft:stone_pickaxe":1,"minecraft:glass_bottle":1,"lightmanscurrency:coin_iron":3,"tough_beginnings:fiber_rope":18,"bakery:strawberry":1,"minecraft:gravel":11,"minecraft:jungle_planks":3,"minecraft:sand":31,"minecraft:blast_furnace":2,"minecraft:loom":1,"lightmanscurrency:coin_copper":4,"tacz:modern_kinetic_gun":1,"minecraft:granite":28,"tough_beginnings:raw_flint":5,"minecraft:oak_sapling":5,"minecraft:coal":50},"minecraft:crafted":{"minecraft:oak_planks":52,"minecraft:stone_shovel":1,"minecraft:iron_nugget":126,"minecraft:furnace":2,"tough_beginnings:flintknife":1,"butchersdelight:rack":1,"tough_beginnings:pile_of_fiber":2,"minecraft:glass":7,"butchersdelight:roaster":1,"minecraft:stone_pickaxe":5,"minecraft:chest":5,"minecraft:glass_bottle":3,"butchersdelight:hook":1,"minecraft:crafting_table":2,"minecraft:gravel":1,"minecraft:copper_ingot":360,"butchersdelight:cleaver":1,"minecraft:campfire":1,"minecraft:air":0,"minecraft:jungle_planks":48,"minecraft:charcoal":6,"toughasnails:water_purifier":1,"minecraft:stick":40,"minecraft:iron_ingot":100,"minecraft:torch":44},"minecraft:killed":{"undead_revamp2:thehorrors":1,"minecraft:zombie":1},"minecraft:mined":{"minecraft:oak_sapling":1,"minecraft:gray_stained_glass_pane":1,"gravestone:gravestone":12,"minecraft:granite":33,"minecraft:grass_block":11,"minecraft:jungle_planks":3,"minecraft:jungle_log":42,"farmersdelight:wild_rice":4,"minecraft:iron_ore":13,"minecraft:andesite":16,"supplementaries:stick":10,"minecraft:vine":2,"minecraft:stone":366,"minecraft:torch":3,"minecraft:blast_furnace":2,"tough_beginnings:pile_of_fiber":4,"minecraft:diorite":21,"minecraft:wall_torch":5,"supplementaries:urn":1,"farmersdelight:wild_beetroots":1,"minecraft:light_blue_bed":2,"butchersdelight:deadcowblock":1,"minecraft:grass":91,"minecraft:coal_ore":53,"minecraft:oak_log":18,"minecraft:gravel":8,"minecraft:loom":1,"minecraft:sand":31,"minecraft:dirt":22,"minecraft:fern":28},"minecraft:broken":{"tough_beginnings:flint_axe":2,"minecraft:stone_pickaxe":3},"minecraft:used":{"minecraft:stone_sword":4,"toughasnails:water_purifier":1,"minecraft:stone_shovel":45,"minecraft:chest":5,"minecraft:stick":18,"minecraft:torch":50,"minecraft:dirt":30,"farmersdelight:flint_knife":118,"minecraft:jungle_planks":3,"minecraft:granite":19,"minecraft:jungle_sapling":1,"minecraft:light_blue_bed":2,"minecraft:smooth_quartz":2,"supplementaries:ash":1,"minecraft:furnace":2,"minecraft:oak_sapling":5,"minecraft:egg":2,"minecraft:cooked_beef":2,"tough_beginnings:flintknife":10,"tough_beginnings:pile_of_fiber":2,"minecraft:glass_bottle":7,"minecraft:stone_pickaxe":513,"tough_beginnings:flint_axe":67,"minecraft:glow_berries":4,"minecraft:crafting_table":3,"minecraft:loom":1,"minecraft:blast_furnace":2,"minecraft:campfire":1,"minecraft:bread":7,"butchersdelight:roaster":1,"minecraft:gravel":12,"minecraft:cobblestone":30,"minecraft:potion":1,"toughasnails:purified_water_bottle":3,"butchersdelight:rack":1},"minecraft:dropped":{"tough_beginnings:fiber_rope":18,"minecraft:coal":3,"tough_beginnings:plantfiber":22,"minecraft:potion":1,"gravestone:obituary":7,"butchersdelight:deadchiken":1,"simplehats:udder_hat":1,"minecraft:rotten_flesh":2,"minecraft:gunpowder":10,"tacz:ammo":240,"supplementaries:flute":1}},"DataVersion":3465}