{"stats":{"minecraft:killed_by":{"undead_revamp2:the_moonflower":1,"undead_revamp2:thespitter":1,"minecraft:zombie":4,"undead_revamp2:theheavy":1},"minecraft:custom":{"minecraft:mob_kills":1,"minecraft:interact_with_crafting_table":43,"minecraft:open_barrel":15,"minecraft:leave_game":1,"minecraft:time_since_death":3854,"minecraft:climb_one_cm":1012,"minecraft:sprint_one_cm":384320,"minecraft:walk_one_cm":232994,"minecraft:drop":23,"minecraft:play_time":169072,"minecraft:deaths":10,"minecraft:sneak_time":4693,"minecraft:walk_under_water_one_cm":8011,"minecraft:jump":1739,"minecraft:interact_with_blast_furnace":2,"minecraft:walk_on_water_one_cm":18827,"minecraft:total_world_time":169072,"minecraft:interact_with_furnace":15,"minecraft:interact_with_loom":1,"minecraft:sleep_in_bed":2,"minecraft:time_since_rest":3885,"minecraft:damage_taken":1876,"minecraft:damage_dealt":210,"minecraft:swim_one_cm":17407,"minecraft:fly_one_cm":349212,"minecraft:open_chest":31,"minecraft:crouch_one_cm":8384,"minecraft:fall_one_cm":31802},"minecraft:picked_up":{"minecraft:cocoa_beans":3,"minecraft:crafting_table":1,"tough_beginnings:block_of_wood":5,"simplehats:hatbag_rare":1,"minecraft:potion":1,"simplehats:udder_hat":1,"minecraft:string":16,"tough_beginnings:flint_shard":6,"tacz:ammo":240,"butchersdelight:dead_cow":2,"farmersdelight:straw":74,"tough_beginnings:plantfiber":39,"minecraft:jungle_sapling":3,"minecraft:smooth_quartz":2,"minecraft:egg":2,"minecraft:stick":27,"minecraft:raw_iron":12,"simplehats:bucket":1,"simplehats:hatbag_common":2,"minecraft:torch":5,"marbledsarsenal:oak_ghillie_chestplate":1,"simplehats:milady_doll":1,"minecraft:diorite":21,"minecraft:carrot":29,"minecraft:light_blue_bed":2,"marbledsarsenal:oak_ghillie_leggings":1,"tough_beginnings:flint_axe":2,"minecraft:rotten_flesh":28,"minecraft:beetroot_seeds":1,"minecraft:gold_ingot":4,"firstaid:bandage":1,"supplementaries:ash":1,"minecraft:cobblestone":313,"minecraft:cooked_beef":2,"simplehats:holyhead":1,"farmersdelight:rice":4,"minecraft:jungle_log":37,"minecraft:andesite":15,"minecraft:flint":2,"minecraft:oak_log":10,"supplementaries:flute":1,"minecraft:gunpowder":12,"farmersdelight:flint_knife":1,"minecraft:dirt":27,"butchersdelight:deadchiken":1,"minecraft:bone":1,"minecraft:apple":1,"minecraft:wheat_seeds":39,"minecraft:stone_pickaxe":1,"minecraft:glass_bottle":1,"lightmanscurrency:coin_iron":3,"tough_beginnings:fiber_rope":18,"bakery:strawberry":1,"minecraft:gravel":11,"minecraft:jungle_planks":3,"minecraft:sand":31,"minecraft:blast_furnace":2,"minecraft:loom":1,"lightmanscurrency:coin_copper":4,"minecraft:granite":28,"tough_beginnings:raw_flint":5,"minecraft:oak_sapling":5,"minecraft:coal":49},"minecraft:crafted":{"minecraft:oak_planks":52,"minecraft:stone_shovel":1,"minecraft:iron_nugget":9,"minecraft:furnace":2,"tough_beginnings:flintknife":1,"butchersdelight:rack":1,"tough_beginnings:pile_of_fiber":2,"minecraft:glass":7,"butchersdelight:roaster":1,"minecraft:stone_pickaxe":5,"minecraft:chest":3,"minecraft:glass_bottle":3,"butchersdelight:hook":1,"minecraft:crafting_table":2,"minecraft:gravel":1,"butchersdelight:cleaver":1,"minecraft:campfire":1,"minecraft:air":0,"minecraft:jungle_planks":48,"minecraft:charcoal":6,"toughasnails:water_purifier":1,"minecraft:stick":40,"minecraft:iron_ingot":4,"minecraft:torch":44},"minecraft:killed":{"minecraft:zombie":1},"minecraft:mined":{"minecraft:oak_sapling":1,"minecraft:gray_stained_glass_pane":1,"gravestone:gravestone":9,"minecraft:granite":33,"minecraft:grass_block":8,"minecraft:jungle_planks":3,"minecraft:jungle_log":42,"farmersdelight:wild_rice":4,"minecraft:iron_ore":12,"minecraft:andesite":16,"supplementaries:stick":10,"minecraft:vine":2,"minecraft:stone":358,"minecraft:torch":3,"minecraft:blast_furnace":2,"tough_beginnings:pile_of_fiber":4,"minecraft:diorite":21,"minecraft:wall_torch":2,"farmersdelight:wild_beetroots":1,"minecraft:light_blue_bed":2,"butchersdelight:deadcowblock":1,"minecraft:grass":91,"minecraft:coal_ore":52,"minecraft:oak_log":18,"minecraft:gravel":8,"minecraft:loom":1,"minecraft:sand":31,"minecraft:dirt":19,"minecraft:fern":28},"minecraft:broken":{"tough_beginnings:flint_axe":2,"minecraft:stone_pickaxe":3},"minecraft:used":{"toughasnails:water_purifier":1,"minecraft:stone_shovel":39,"minecraft:chest":3,"minecraft:stick":18,"minecraft:torch":39,"minecraft:dirt":24,"farmersdelight:flint_knife":118,"minecraft:jungle_planks":3,"minecraft:granite":19,"minecraft:jungle_sapling":1,"minecraft:light_blue_bed":2,"minecraft:smooth_quartz":2,"minecraft:furnace":2,"minecraft:oak_sapling":5,"minecraft:egg":2,"minecraft:cooked_beef":1,"tough_beginnings:flintknife":10,"tough_beginnings:pile_of_fiber":2,"minecraft:glass_bottle":7,"minecraft:stone_pickaxe":500,"tough_beginnings:flint_axe":67,"minecraft:glow_berries":4,"minecraft:crafting_table":3,"minecraft:loom":1,"minecraft:blast_furnace":2,"minecraft:campfire":1,"minecraft:bread":7,"butchersdelight:roaster":1,"minecraft:gravel":12,"minecraft:cobblestone":18,"minecraft:potion":1,"toughasnails:purified_water_bottle":3,"butchersdelight:rack":1},"minecraft:dropped":{"tough_beginnings:fiber_rope":18,"minecraft:coal":3,"tough_beginnings:plantfiber":22,"minecraft:potion":1,"gravestone:obituary":6,"butchersdelight:deadchiken":1,"simplehats:udder_hat":1,"minecraft:rotten_flesh":2,"minecraft:gunpowder":10,"tacz:ammo":240,"supplementaries:flute":1}},"DataVersion":3465}