{"stats":{"minecraft:killed_by":{"undead_revamp2:the_moonflower":1,"minecraft:zombie":3,"undead_revamp2:theheavy":1,"undead_revamp2:thespitter":1},"minecraft:custom":{"minecraft:interact_with_furnace":12,"minecraft:interact_with_crafting_table":40,"minecraft:interact_with_loom":1,"minecraft:leave_game":1,"minecraft:time_since_death":58575,"minecraft:climb_one_cm":766,"minecraft:time_since_rest":58597,"minecraft:sprint_one_cm":269158,"minecraft:damage_taken":1530,"minecraft:walk_one_cm":173745,"minecraft:drop":18,"minecraft:damage_dealt":109,"minecraft:swim_one_cm":12087,"minecraft:fly_one_cm":273754,"minecraft:open_chest":16,"minecraft:crouch_one_cm":6059,"minecraft:play_time":133072,"minecraft:deaths":8,"minecraft:sneak_time":3127,"minecraft:walk_under_water_one_cm":6502,"minecraft:jump":1268,"minecraft:walk_on_water_one_cm":9498,"minecraft:total_world_time":133072,"minecraft:fall_one_cm":22319},"minecraft:picked_up":{"minecraft:cocoa_beans":3,"minecraft:crafting_table":1,"simplehats:hatbag_rare":1,"farmersdelight:rice":4,"tough_beginnings:block_of_wood":5,"minecraft:jungle_log":37,"minecraft:potion":1,"minecraft:flint":2,"minecraft:oak_log":10,"supplementaries:flute":1,"minecraft:gunpowder":12,"farmersdelight:flint_knife":1,"simplehats:udder_hat":1,"minecraft:dirt":20,"minecraft:string":16,"butchersdelight:deadchiken":1,"tough_beginnings:flint_shard":6,"butchersdelight:dead_cow":1,"minecraft:apple":1,"minecraft:wheat_seeds":39,"farmersdelight:straw":74,"minecraft:stone_pickaxe":1,"tough_beginnings:plantfiber":39,"minecraft:jungle_sapling":3,"minecraft:glass_bottle":1,"minecraft:egg":2,"tough_beginnings:fiber_rope":18,"minecraft:raw_iron":3,"minecraft:stick":27,"bakery:strawberry":1,"simplehats:hatbag_common":1,"minecraft:torch":3,"minecraft:gravel":11,"marbledsarsenal:oak_ghillie_chestplate":1,"minecraft:sand":31,"minecraft:jungle_planks":3,"simplehats:milady_doll":1,"minecraft:diorite":11,"minecraft:carrot":28,"minecraft:loom":1,"marbledsarsenal:oak_ghillie_leggings":1,"tough_beginnings:flint_axe":2,"minecraft:rotten_flesh":19,"minecraft:beetroot_seeds":1,"minecraft:granite":19,"tough_beginnings:raw_flint":5,"minecraft:gold_ingot":4,"supplementaries:ash":1,"minecraft:oak_sapling":5,"minecraft:coal":27,"minecraft:cobblestone":207},"minecraft:crafted":{"minecraft:glass_bottle":3,"minecraft:oak_planks":40,"minecraft:stone_shovel":1,"butchersdelight:hook":1,"minecraft:iron_nugget":9,"minecraft:crafting_table":2,"minecraft:gravel":1,"minecraft:furnace":2,"butchersdelight:cleaver":1,"minecraft:air":0,"minecraft:jungle_planks":48,"butchersdelight:rack":1,"tough_beginnings:flintknife":1,"tough_beginnings:pile_of_fiber":2,"minecraft:glass":7,"minecraft:charcoal":6,"toughasnails:water_purifier":1,"butchersdelight:roaster":1,"minecraft:stick":16,"minecraft:iron_ingot":3,"minecraft:stone_pickaxe":3,"minecraft:chest":3,"minecraft:torch":4},"minecraft:mined":{"minecraft:oak_sapling":1,"minecraft:gray_stained_glass_pane":1,"minecraft:torch":2,"gravestone:gravestone":7,"minecraft:granite":16,"minecraft:grass_block":6,"minecraft:jungle_planks":3,"minecraft:jungle_log":42,"tough_beginnings:pile_of_fiber":4,"minecraft:diorite":11,"minecraft:wall_torch":1,"farmersdelight:wild_beetroots":1,"farmersdelight:wild_rice":4,"minecraft:iron_ore":3,"minecraft:andesite":1,"minecraft:grass":91,"minecraft:oak_log":18,"supplementaries:stick":10,"minecraft:coal_ore":28,"minecraft:vine":2,"minecraft:loom":1,"minecraft:gravel":8,"minecraft:sand":31,"minecraft:dirt":14,"minecraft:stone":218,"minecraft:fern":28},"minecraft:broken":{"minecraft:stone_pickaxe":2,"tough_beginnings:flint_axe":2},"minecraft:used":{"tough_beginnings:flintknife":8,"toughasnails:water_purifier":1,"minecraft:glass_bottle":7,"tough_beginnings:pile_of_fiber":2,"minecraft:stone_shovel":32,"minecraft:stone_pickaxe":277,"minecraft:chest":3,"minecraft:torch":14,"tough_beginnings:flint_axe":67,"minecraft:stick":18,"minecraft:glow_berries":4,"farmersdelight:flint_knife":118,"minecraft:dirt":17,"minecraft:loom":1,"minecraft:crafting_table":3,"minecraft:jungle_planks":3,"minecraft:granite":19,"minecraft:jungle_sapling":1,"minecraft:bread":7,"minecraft:gravel":12,"minecraft:cobblestone":1,"minecraft:potion":1,"toughasnails:purified_water_bottle":2,"minecraft:oak_sapling":5,"minecraft:furnace":2,"minecraft:egg":2,"butchersdelight:rack":1},"minecraft:dropped":{"butchersdelight:deadchiken":1,"simplehats:udder_hat":1,"tough_beginnings:fiber_rope":18,"minecraft:rotten_flesh":2,"minecraft:coal":3,"tough_beginnings:plantfiber":22,"minecraft:potion":1,"gravestone:obituary":6,"supplementaries:flute":1}},"DataVersion":3465}