{"stats":{"minecraft:broken":{"tough_beginnings:flint_axe":1},"minecraft:mined":{"minecraft:gray_stained_glass_pane":1,"gravestone:gravestone":6,"minecraft:grass_block":2,"minecraft:jungle_planks":1,"minecraft:jungle_log":30,"tough_beginnings:pile_of_fiber":1,"farmersdelight:wild_beetroots":1,"farmersdelight:wild_rice":4,"minecraft:grass":50,"supplementaries:stick":2,"minecraft:vine":2,"minecraft:gravel":8,"minecraft:sand":6,"minecraft:dirt":5,"minecraft:fern":13},"minecraft:picked_up":{"minecraft:cocoa_beans":3,"minecraft:crafting_table":1,"farmersdelight:rice":4,"simplehats:hatbag_rare":1,"minecraft:jungle_log":28,"minecraft:flint":2,"minecraft:gunpowder":12,"simplehats:udder_hat":1,"farmersdelight:flint_knife":1,"minecraft:string":16,"minecraft:dirt":7,"tough_beginnings:flint_shard":6,"butchersdelight:deadchiken":1,"minecraft:apple":1,"minecraft:wheat_seeds":24,"farmersdelight:straw":26,"tough_beginnings:plantfiber":16,"minecraft:jungle_sapling":1,"minecraft:egg":2,"tough_beginnings:fiber_rope":18,"minecraft:stick":11,"simplehats:hatbag_common":1,"minecraft:gravel":11,"minecraft:sand":6,"minecraft:jungle_planks":1,"simplehats:milady_doll":1,"minecraft:carrot":28,"tough_beginnings:flint_axe":2,"minecraft:rotten_flesh":19,"minecraft:beetroot_seeds":1,"minecraft:gold_ingot":4,"tough_beginnings:raw_flint":5,"supplementaries:ash":1},"minecraft:used":{"tough_beginnings:flint_axe":33,"minecraft:stick":2,"minecraft:torch":3,"minecraft:glow_berries":4,"minecraft:dirt":4,"farmersdelight:flint_knife":64,"minecraft:crafting_table":3,"minecraft:jungle_planks":1,"minecraft:jungle_sapling":1,"minecraft:bread":1,"minecraft:gravel":12,"minecraft:egg":2},"minecraft:custom":{"minecraft:interact_with_crafting_table":10,"minecraft:time_since_death":12925,"minecraft:climb_one_cm":145,"minecraft:time_since_rest":12957,"minecraft:sprint_one_cm":161813,"minecraft:damage_taken":1450,"minecraft:walk_one_cm":57530,"minecraft:drop":15,"minecraft:damage_dealt":9,"minecraft:swim_one_cm":12087,"minecraft:fly_one_cm":189807,"minecraft:open_chest":4,"minecraft:crouch_one_cm":838,"minecraft:play_time":52601,"minecraft:deaths":7,"minecraft:sneak_time":467,"minecraft:walk_under_water_one_cm":3015,"minecraft:jump":679,"minecraft:walk_on_water_one_cm":7188,"minecraft:total_world_time":52601,"minecraft:fall_one_cm":15933},"minecraft:crafted":{"minecraft:crafting_table":2,"minecraft:gravel":1,"minecraft:jungle_planks":12,"minecraft:torch":4},"minecraft:dropped":{"butchersdelight:deadchiken":1,"simplehats:udder_hat":1,"tough_beginnings:fiber_rope":18,"minecraft:rotten_flesh":2,"minecraft:coal":3,"tough_beginnings:plantfiber":16,"gravestone:obituary":6},"minecraft:killed_by":{"undead_revamp2:the_moonflower":1,"minecraft:zombie":3,"undead_revamp2:theheavy":1,"undead_revamp2:thespitter":1}},"DataVersion":3465}