{"stats":{"minecraft:killed_by":{"minecraft:enderman":1},"minecraft:custom":{"minecraft:jump":65,"minecraft:time_since_rest":7674,"minecraft:damage_taken":70,"minecraft:crouch_one_cm":43,"minecraft:leave_game":5,"minecraft:play_time":9387,"minecraft:sprint_one_cm":11290,"minecraft:time_since_death":7638,"minecraft:walk_one_cm":6279,"minecraft:deaths":1,"minecraft:sneak_time":277,"minecraft:total_world_time":9387,"minecraft:fly_one_cm":188729,"minecraft:fall_one_cm":1045},"minecraft:used":{"minecraft:cave_spider_spawn_egg":1,"minecraft:skeleton_spawn_egg":3,"minecraft:spider_spawn_egg":2}},"DataVersion":3465}