{"stats":{"minecraft:broken":{"tough_beginnings:flint_axe":1},"minecraft:mined":{"minecraft:gray_stained_glass_pane":1,"gravestone:gravestone":7,"minecraft:grass_block":2,"minecraft:jungle_planks":3,"minecraft:jungle_log":30,"tough_beginnings:pile_of_fiber":4,"farmersdelight:wild_beetroots":1,"farmersdelight:wild_rice":4,"minecraft:grass":90,"supplementaries:stick":10,"minecraft:vine":2,"minecraft:gravel":8,"minecraft:sand":6,"minecraft:dirt":5,"minecraft:fern":28},"minecraft:picked_up":{"minecraft:cocoa_beans":3,"minecraft:crafting_table":1,"tough_beginnings:block_of_wood":5,"farmersdelight:rice":4,"simplehats:hatbag_rare":1,"minecraft:jungle_log":28,"minecraft:flint":2,"minecraft:gunpowder":12,"simplehats:udder_hat":1,"farmersdelight:flint_knife":1,"minecraft:string":16,"minecraft:dirt":7,"tough_beginnings:flint_shard":6,"butchersdelight:deadchiken":1,"minecraft:apple":1,"minecraft:wheat_seeds":39,"farmersdelight:straw":74,"tough_beginnings:plantfiber":39,"minecraft:jungle_sapling":1,"minecraft:egg":2,"tough_beginnings:fiber_rope":18,"minecraft:stick":20,"bakery:strawberry":1,"simplehats:hatbag_common":1,"minecraft:gravel":11,"minecraft:sand":6,"minecraft:jungle_planks":3,"simplehats:milady_doll":1,"minecraft:carrot":28,"tough_beginnings:flint_axe":2,"minecraft:rotten_flesh":19,"minecraft:beetroot_seeds":1,"minecraft:gold_ingot":4,"tough_beginnings:raw_flint":5,"supplementaries:ash":1},"minecraft:custom":{"minecraft:interact_with_crafting_table":20,"minecraft:time_since_death":2104,"minecraft:climb_one_cm":145,"minecraft:time_since_rest":2126,"minecraft:sprint_one_cm":182297,"minecraft:damage_taken":1520,"minecraft:walk_one_cm":81029,"minecraft:drop":16,"minecraft:damage_dealt":9,"minecraft:swim_one_cm":12087,"minecraft:fly_one_cm":206056,"minecraft:open_chest":6,"minecraft:crouch_one_cm":838,"minecraft:play_time":76601,"minecraft:deaths":8,"minecraft:sneak_time":491,"minecraft:walk_under_water_one_cm":5669,"minecraft:jump":762,"minecraft:walk_on_water_one_cm":8446,"minecraft:total_world_time":76601,"minecraft:fall_one_cm":16560},"minecraft:used":{"tough_beginnings:flintknife":1,"tough_beginnings:pile_of_fiber":2,"minecraft:chest":2,"tough_beginnings:flint_axe":33,"minecraft:stick":18,"minecraft:torch":3,"minecraft:glow_berries":4,"minecraft:dirt":4,"farmersdelight:flint_knife":118,"minecraft:crafting_table":3,"minecraft:jungle_planks":3,"minecraft:jungle_sapling":1,"minecraft:bread":2,"minecraft:gravel":12,"minecraft:egg":2},"minecraft:crafted":{"minecraft:crafting_table":2,"minecraft:gravel":1,"minecraft:jungle_planks":28,"tough_beginnings:flintknife":1,"tough_beginnings:pile_of_fiber":2,"minecraft:chest":2,"minecraft:torch":4},"minecraft:dropped":{"butchersdelight:deadchiken":1,"simplehats:udder_hat":1,"tough_beginnings:fiber_rope":18,"minecraft:rotten_flesh":2,"minecraft:coal":3,"tough_beginnings:plantfiber":22,"gravestone:obituary":6},"minecraft:killed_by":{"undead_revamp2:the_moonflower":1,"minecraft:zombie":3,"undead_revamp2:theheavy":1,"undead_revamp2:thespitter":1}},"DataVersion":3465}