{"stats":{"minecraft:mined":{"minecraft:gravel":2},"minecraft:picked_up":{"minecraft:gravel":2},"minecraft:used":{"minecraft:glow_berries":1},"minecraft:custom":{"minecraft:jump":75,"minecraft:open_chest":2,"minecraft:time_since_rest":4601,"minecraft:crouch_one_cm":409,"minecraft:damage_taken":120,"minecraft:sprint_one_cm":17739,"minecraft:play_time":4601,"minecraft:walk_on_water_one_cm":2989,"minecraft:time_since_death":4601,"minecraft:walk_one_cm":5846,"minecraft:sneak_time":327,"minecraft:total_world_time":4601,"minecraft:walk_under_water_one_cm":1782,"minecraft:swim_one_cm":5174,"minecraft:fall_one_cm":1672,"minecraft:fly_one_cm":15035}},"DataVersion":3465}