{"stats":{"minecraft:killed_by":{"undead_revamp2:the_moonflower":1,"minecraft:zombie":4,"undead_revamp2:theheavy":1,"undead_revamp2:thespitter":1},"minecraft:custom":{"minecraft:interact_with_furnace":13,"minecraft:mob_kills":1,"minecraft:interact_with_crafting_table":43,"minecraft:open_barrel":15,"minecraft:interact_with_loom":1,"minecraft:leave_game":1,"minecraft:time_since_death":14950,"minecraft:sleep_in_bed":2,"minecraft:climb_one_cm":1012,"minecraft:time_since_rest":4998,"minecraft:sprint_one_cm":354542,"minecraft:damage_taken":1663,"minecraft:walk_one_cm":219144,"minecraft:drop":23,"minecraft:damage_dealt":210,"minecraft:swim_one_cm":12087,"minecraft:fly_one_cm":330134,"minecraft:open_chest":30,"minecraft:crouch_one_cm":8062,"minecraft:play_time":157072,"minecraft:deaths":9,"minecraft:sneak_time":4491,"minecraft:walk_under_water_one_cm":6502,"minecraft:jump":1554,"minecraft:interact_with_blast_furnace":2,"minecraft:walk_on_water_one_cm":11344,"minecraft:total_world_time":157072,"minecraft:fall_one_cm":26543},"minecraft:picked_up":{"minecraft:cocoa_beans":3,"minecraft:crafting_table":1,"simplehats:holyhead":1,"minecraft:cooked_beef":2,"simplehats:hatbag_rare":1,"farmersdelight:rice":4,"tough_beginnings:block_of_wood":5,"minecraft:andesite":15,"minecraft:jungle_log":37,"minecraft:potion":1,"minecraft:flint":2,"minecraft:oak_log":10,"supplementaries:flute":1,"minecraft:gunpowder":12,"farmersdelight:flint_knife":1,"simplehats:udder_hat":1,"minecraft:dirt":27,"minecraft:string":16,"tacz:ammo":240,"butchersdelight:deadchiken":1,"tough_beginnings:flint_shard":6,"minecraft:bone":1,"butchersdelight:dead_cow":2,"minecraft:apple":1,"minecraft:wheat_seeds":39,"farmersdelight:straw":74,"minecraft:stone_pickaxe":1,"tough_beginnings:plantfiber":39,"minecraft:jungle_sapling":3,"minecraft:smooth_quartz":2,"minecraft:glass_bottle":1,"minecraft:egg":2,"tough_beginnings:fiber_rope":18,"minecraft:raw_iron":5,"minecraft:stick":27,"bakery:strawberry":1,"simplehats:hatbag_common":1,"minecraft:torch":4,"minecraft:gravel":11,"marbledsarsenal:oak_ghillie_chestplate":1,"minecraft:sand":31,"minecraft:jungle_planks":3,"minecraft:blast_furnace":2,"simplehats:milady_doll":1,"minecraft:diorite":12,"minecraft:carrot":29,"minecraft:loom":1,"minecraft:light_blue_bed":2,"marbledsarsenal:oak_ghillie_leggings":1,"lightmanscurrency:coin_copper":4,"tough_beginnings:flint_axe":2,"minecraft:rotten_flesh":26,"minecraft:beetroot_seeds":1,"minecraft:granite":26,"tough_beginnings:raw_flint":5,"minecraft:gold_ingot":4,"supplementaries:ash":1,"minecraft:oak_sapling":5,"minecraft:coal":27,"minecraft:cobblestone":303},"minecraft:crafted":{"minecraft:glass_bottle":3,"minecraft:oak_planks":52,"minecraft:stone_shovel":1,"butchersdelight:hook":1,"minecraft:iron_nugget":9,"minecraft:crafting_table":2,"minecraft:gravel":1,"minecraft:furnace":2,"butchersdelight:cleaver":1,"minecraft:campfire":1,"minecraft:air":0,"minecraft:jungle_planks":48,"butchersdelight:rack":1,"tough_beginnings:flintknife":1,"tough_beginnings:pile_of_fiber":2,"minecraft:glass":7,"minecraft:charcoal":6,"toughasnails:water_purifier":1,"butchersdelight:roaster":1,"minecraft:stick":40,"minecraft:iron_ingot":3,"minecraft:stone_pickaxe":5,"minecraft:chest":3,"minecraft:torch":20},"minecraft:killed":{"minecraft:zombie":1},"minecraft:mined":{"minecraft:oak_sapling":1,"minecraft:gray_stained_glass_pane":1,"minecraft:torch":3,"gravestone:gravestone":8,"minecraft:granite":33,"minecraft:blast_furnace":2,"minecraft:grass_block":8,"minecraft:jungle_planks":3,"minecraft:jungle_log":42,"tough_beginnings:pile_of_fiber":4,"minecraft:diorite":12,"minecraft:wall_torch":1,"farmersdelight:wild_beetroots":1,"minecraft:light_blue_bed":2,"butchersdelight:deadcowblock":1,"farmersdelight:wild_rice":4,"minecraft:iron_ore":5,"minecraft:andesite":16,"minecraft:grass":91,"minecraft:oak_log":18,"supplementaries:stick":10,"minecraft:coal_ore":30,"minecraft:vine":2,"minecraft:loom":1,"minecraft:gravel":8,"minecraft:sand":31,"minecraft:dirt":19,"minecraft:stone":348,"minecraft:fern":28},"minecraft:broken":{"minecraft:stone_pickaxe":3,"tough_beginnings:flint_axe":2},"minecraft:used":{"tough_beginnings:flintknife":10,"toughasnails:water_purifier":1,"minecraft:glass_bottle":7,"tough_beginnings:pile_of_fiber":2,"minecraft:stone_shovel":39,"minecraft:stone_pickaxe":452,"minecraft:chest":3,"minecraft:torch":25,"tough_beginnings:flint_axe":67,"minecraft:stick":18,"minecraft:glow_berries":4,"farmersdelight:flint_knife":118,"minecraft:dirt":24,"minecraft:loom":1,"minecraft:crafting_table":3,"minecraft:jungle_planks":3,"minecraft:blast_furnace":2,"minecraft:campfire":1,"minecraft:granite":19,"minecraft:jungle_sapling":1,"minecraft:bread":7,"minecraft:light_blue_bed":2,"butchersdelight:roaster":1,"minecraft:smooth_quartz":2,"minecraft:gravel":12,"minecraft:cobblestone":3,"minecraft:potion":1,"toughasnails:purified_water_bottle":3,"minecraft:oak_sapling":5,"minecraft:furnace":2,"minecraft:egg":2,"minecraft:cooked_beef":1,"butchersdelight:rack":1},"minecraft:dropped":{"butchersdelight:deadchiken":1,"simplehats:udder_hat":1,"tough_beginnings:fiber_rope":18,"minecraft:rotten_flesh":2,"minecraft:coal":3,"tough_beginnings:plantfiber":22,"minecraft:gunpowder":10,"minecraft:potion":1,"gravestone:obituary":6,"tacz:ammo":240,"supplementaries:flute":1}},"DataVersion":3465}