{"stats":{"minecraft:killed_by":{"minecraft:skeleton":1,"undead_revamp2:thesmoker":1,"minecraft:player":1,"undead_revamp2:the_moonflower":4},"minecraft:dropped":{"gravestone:obituary":1},"minecraft:used":{"minecraft:sand":1,"minecraft:spruce_sapling":1},"minecraft:custom":{"minecraft:time_since_rest":4901,"minecraft:crouch_one_cm":261,"minecraft:walk_one_cm":18497,"minecraft:play_time":26267,"minecraft:sprint_one_cm":25174,"minecraft:damage_taken":1098,"minecraft:deaths":7,"minecraft:sneak_time":600,"minecraft:walk_under_water_one_cm":1738,"minecraft:drop":1,"minecraft:jump":151,"minecraft:damage_dealt":0,"minecraft:time_since_death":4868,"minecraft:walk_on_water_one_cm":2189,"minecraft:total_world_time":26267,"minecraft:swim_one_cm":3874,"minecraft:fall_one_cm":1645,"minecraft:fly_one_cm":383939},"minecraft:mined":{"gravestone:gravestone":1,"minecraft:sand":1,"minecraft:spruce_leaves":1},"minecraft:picked_up":{"minecraft:bone":1,"minecraft:arrow":1,"minecraft:sand":1,"minecraft:spruce_sapling":1}},"DataVersion":3465}