{"stats":{"minecraft:mined":{"minecraft:grass":14,"minecraft:grass_block":2,"minecraft:vine":1,"minecraft:dirt":1,"minecraft:fern":5},"minecraft:picked_up":{"minecraft:wheat_seeds":3,"minecraft:dirt":3,"minecraft:egg":1},"minecraft:used":{"minecraft:egg":1},"minecraft:custom":{"minecraft:time_since_rest":9047,"minecraft:crouch_one_cm":41,"minecraft:play_time":9047,"minecraft:sprint_one_cm":27021,"minecraft:damage_taken":70,"minecraft:walk_one_cm":34317,"minecraft:sneak_time":108,"minecraft:walk_under_water_one_cm":1155,"minecraft:drop":2,"minecraft:jump":112,"minecraft:damage_dealt":10,"minecraft:leave_game":2,"minecraft:time_since_death":9047,"minecraft:walk_on_water_one_cm":1819,"minecraft:total_world_time":9047,"minecraft:climb_one_cm":141,"minecraft:swim_one_cm":1383,"minecraft:fly_one_cm":23703,"minecraft:fall_one_cm":2568},"minecraft:dropped":{"minecraft:wheat_seeds":2}},"DataVersion":3465}