{"stats":{"minecraft:killed":{"undead_revamp2:therod":1},"minecraft:mined":{"minecraft:grass":14,"minecraft:grass_block":2,"minecraft:vine":1,"minecraft:dirt":1,"minecraft:fern":5},"minecraft:picked_up":{"minecraft:wheat_seeds":3,"minecraft:dirt":3,"minecraft:egg":1},"minecraft:used":{"minecraft:wooden_sword":7,"minecraft:egg":1},"minecraft:custom":{"minecraft:time_since_rest":1978,"minecraft:crouch_one_cm":41,"minecraft:sprint_one_cm":35177,"minecraft:play_time":11203,"minecraft:deaths":1,"minecraft:damage_taken":310,"minecraft:walk_one_cm":39069,"minecraft:sneak_time":126,"minecraft:walk_under_water_one_cm":1173,"minecraft:mob_kills":1,"minecraft:drop":2,"minecraft:jump":145,"minecraft:damage_dealt":310,"minecraft:leave_game":3,"minecraft:walk_on_water_one_cm":2286,"minecraft:time_since_death":1862,"minecraft:climb_one_cm":252,"minecraft:total_world_time":11203,"minecraft:swim_one_cm":1893,"minecraft:fall_one_cm":2777,"minecraft:fly_one_cm":37041},"minecraft:dropped":{"minecraft:wheat_seeds":2},"minecraft:killed_by":{"minecraft:zombie":1}},"DataVersion":3465}