{"stats":{"minecraft:mined":{"farmersdelight:wild_beetroots":1,"farmersdelight:wild_rice":4,"minecraft:gray_stained_glass_pane":1,"gravestone:gravestone":3,"minecraft:gravel":4,"minecraft:dirt":5},"minecraft:picked_up":{"tough_beginnings:fiber_rope":18,"minecraft:stick":3,"farmersdelight:rice":4,"minecraft:gravel":9,"minecraft:flint":2,"minecraft:carrot":28,"minecraft:gunpowder":12,"minecraft:dirt":5,"minecraft:string":16,"tough_beginnings:flint_axe":1,"butchersdelight:deadchiken":1,"tough_beginnings:flint_shard":6,"minecraft:rotten_flesh":10,"minecraft:apple":1,"minecraft:beetroot_seeds":1,"minecraft:wheat_seeds":19,"farmersdelight:straw":16,"tough_beginnings:raw_flint":3,"minecraft:gold_ingot":4,"minecraft:egg":2},"minecraft:used":{"minecraft:gravel":8,"minecraft:torch":3,"minecraft:glow_berries":4,"minecraft:dirt":4,"minecraft:egg":2},"minecraft:custom":{"minecraft:time_since_rest":7970,"minecraft:sprint_one_cm":112942,"minecraft:damage_taken":1120,"minecraft:walk_one_cm":36170,"minecraft:drop":6,"minecraft:damage_dealt":9,"minecraft:swim_one_cm":8596,"minecraft:fly_one_cm":127719,"minecraft:open_chest":4,"minecraft:crouch_one_cm":418,"minecraft:play_time":28601,"minecraft:deaths":5,"minecraft:walk_under_water_one_cm":2377,"minecraft:sneak_time":375,"minecraft:jump":469,"minecraft:walk_on_water_one_cm":4709,"minecraft:time_since_death":0,"minecraft:total_world_time":28601,"minecraft:fall_one_cm":11896},"minecraft:crafted":{"minecraft:torch":4},"minecraft:dropped":{"butchersdelight:deadchiken":1,"minecraft:rotten_flesh":2,"minecraft:coal":3},"minecraft:killed_by":{"undead_revamp2:the_moonflower":1,"undead_revamp2:thespitter":1,"minecraft:zombie":2}},"DataVersion":3465}