{"stats":{"minecraft:mined":{"farmersdelight:wild_beetroots":1,"farmersdelight:wild_rice":4,"minecraft:gray_stained_glass_pane":1,"gravestone:gravestone":4,"minecraft:gravel":4,"minecraft:dirt":5},"minecraft:picked_up":{"tough_beginnings:fiber_rope":18,"minecraft:stick":3,"farmersdelight:rice":4,"simplehats:hatbag_rare":1,"simplehats:hatbag_common":1,"minecraft:gravel":9,"minecraft:flint":2,"simplehats:milady_doll":1,"minecraft:carrot":28,"minecraft:gunpowder":12,"minecraft:dirt":5,"minecraft:string":16,"tough_beginnings:flint_axe":1,"butchersdelight:deadchiken":1,"tough_beginnings:flint_shard":6,"minecraft:rotten_flesh":12,"minecraft:apple":1,"minecraft:beetroot_seeds":1,"minecraft:wheat_seeds":19,"farmersdelight:straw":16,"tough_beginnings:raw_flint":3,"minecraft:gold_ingot":4,"supplementaries:ash":1,"minecraft:egg":2},"minecraft:used":{"minecraft:gravel":8,"minecraft:torch":3,"minecraft:glow_berries":4,"minecraft:dirt":4,"minecraft:egg":2},"minecraft:custom":{"minecraft:time_since_rest":957,"minecraft:sprint_one_cm":135282,"minecraft:damage_taken":1450,"minecraft:walk_one_cm":42763,"minecraft:drop":6,"minecraft:damage_dealt":9,"minecraft:swim_one_cm":12087,"minecraft:fly_one_cm":161147,"minecraft:open_chest":4,"minecraft:crouch_one_cm":418,"minecraft:play_time":40601,"minecraft:deaths":7,"minecraft:walk_under_water_one_cm":3015,"minecraft:sneak_time":381,"minecraft:jump":582,"minecraft:walk_on_water_one_cm":7188,"minecraft:time_since_death":925,"minecraft:climb_one_cm":145,"minecraft:total_world_time":40601,"minecraft:fall_one_cm":14412},"minecraft:crafted":{"minecraft:torch":4},"minecraft:dropped":{"butchersdelight:deadchiken":1,"minecraft:rotten_flesh":2,"minecraft:coal":3},"minecraft:killed_by":{"undead_revamp2:theheavy":1,"undead_revamp2:the_moonflower":1,"undead_revamp2:thespitter":1,"minecraft:zombie":3}},"DataVersion":3465}