{"stats":{"minecraft:killed_by":{"minecraft:skeleton":1,"undead_revamp2:the_moonflower":3,"undead_revamp2:thesmoker":1},"minecraft:custom":{"minecraft:jump":42,"minecraft:time_since_rest":57,"minecraft:crouch_one_cm":47,"minecraft:walk_on_water_one_cm":1016,"minecraft:sprint_one_cm":6582,"minecraft:deaths":5,"minecraft:play_time":2267,"minecraft:damage_taken":590,"minecraft:time_since_death":0,"minecraft:walk_one_cm":3271,"minecraft:sneak_time":8,"minecraft:total_world_time":2267,"minecraft:walk_under_water_one_cm":694,"minecraft:swim_one_cm":2295,"minecraft:fall_one_cm":745,"minecraft:fly_one_cm":3609}},"DataVersion":3465}