{
  "undead_revamp2:theundeadchallenges": {
    "criteria": {
      "theundeadchallenges": "2024-08-19 04:34:07 +0000"
    },
    "done": true
  },
  "minecraft:recipes/decorations/crafting_table": {
    "criteria": {
      "unlock_right_away": "2024-08-19 04:34:07 +0000"
    },
    "done": true
  },
  "minecraft:recipes/misc/paper": {
    "criteria": {
      "has_reeds": "2024-08-19 04:35:39 +0000"
    },
    "done": true
  },
  "vinery:main/root": {
    "criteria": {
      "seeds": "2024-08-19 04:35:39 +0000"
    },
    "done": true
  },
  "minecraft:recipes/misc/sugar_from_sugar_cane": {
    "criteria": {
      "has_sugar_cane": "2024-08-19 04:35:39 +0000"
    },
    "done": true
  },
  "farmersdelight:main/root": {
    "criteria": {
      "seeds": "2024-08-19 04:35:39 +0000"
    },
    "done": true
  },
  "ags_day_counter:day_counter_root_advancement": {
    "criteria": {
      "day_counter_root_advancement_0": "2024-08-19 04:34:07 +0000"
    },
    "done": true
  },
  "bakery:main/root": {
    "criteria": {
      "seeds": "2024-08-19 04:35:39 +0000"
    },
    "done": true
  },
  "tough_beginnings:beginning": {
    "criteria": {
      "beginning_0": "2024-08-19 04:34:07 +0000"
    },
    "done": true
  },
  "minecraft:adventure/adventuring_time": {
    "criteria": {
      "minecraft:taiga": "2024-08-19 04:34:08 +0000",
      "minecraft:beach": "2024-08-19 04:35:44 +0000"
    },
    "done": false
  },
  "candlelight:main/root": {
    "criteria": {
      "seeds": "2024-08-19 04:35:39 +0000"
    },
    "done": true
  },
  "DataVersion": 3465
}