{
  "undead_revamp2:theundeadchallenges": {
    "criteria": {
      "theundeadchallenges": "2024-08-20 19:17:56 +0000"
    },
    "done": true
  },
  "minecraft:recipes/decorations/crafting_table": {
    "criteria": {
      "unlock_right_away": "2024-08-20 19:17:56 +0000"
    },
    "done": true
  },
  "ags_day_counter:day_counter_root_advancement": {
    "criteria": {
      "day_counter_root_advancement_0": "2024-08-20 19:17:56 +0000"
    },
    "done": true
  },
  "tough_beginnings:beginning": {
    "criteria": {
      "beginning_0": "2024-08-20 19:17:56 +0000"
    },
    "done": true
  },
  "minecraft:adventure/adventuring_time": {
    "criteria": {
      "minecraft:bamboo_jungle": "2024-08-20 20:05:23 +0000",
      "minecraft:beach": "2024-08-20 20:08:19 +0000",
      "minecraft:sparse_jungle": "2024-08-20 19:17:57 +0000",
      "minecraft:lukewarm_ocean": "2024-08-20 20:18:49 +0000",
      "minecraft:river": "2024-08-20 20:05:25 +0000",
      "minecraft:jungle": "2024-08-20 20:08:49 +0000"
    },
    "done": false
  },
  "mutantmonsters:root": {
    "criteria": {
      "killed_by_something": "2024-08-20 19:18:08 +0000"
    },
    "done": true
  },
  "vinery:main/root": {
    "criteria": {
      "seeds": "2024-08-20 19:18:08 +0000"
    },
    "done": true
  },
  "farmersdelight:main/root": {
    "criteria": {
      "seeds": "2024-08-20 19:18:08 +0000"
    },
    "done": true
  },
  "bakery:main/root": {
    "criteria": {
      "seeds": "2024-08-20 19:18:08 +0000"
    },
    "done": true
  },
  "minecraft:adventure/root": {
    "criteria": {
      "killed_by_something": "2024-08-20 19:18:08 +0000"
    },
    "done": true
  },
  "candlelight:main/root": {
    "criteria": {
      "seeds": "2024-08-20 19:18:08 +0000"
    },
    "done": true
  },
  "supplementaries:recipes/soap": {
    "criteria": {
      "forge:ash": "2024-08-20 20:05:57 +0000"
    },
    "done": true
  },
  "supplementaries:recipes/ash_brick": {
    "criteria": {
      "forge:ash": "2024-08-20 20:05:57 +0000"
    },
    "done": true
  },
  "minecraft:recipes/transportation/cherry_boat": {
    "criteria": {
      "in_water": "2024-08-20 20:06:01 +0000"
    },
    "done": true
  },
  "minecraft:recipes/transportation/bamboo_raft": {
    "criteria": {
      "in_water": "2024-08-20 20:06:01 +0000"
    },
    "done": true
  },
  "minecraft:recipes/transportation/spruce_boat": {
    "criteria": {
      "in_water": "2024-08-20 20:06:01 +0000"
    },
    "done": true
  },
  "minecraft:recipes/transportation/birch_boat": {
    "criteria": {
      "in_water": "2024-08-20 20:06:01 +0000"
    },
    "done": true
  },
  "minecraft:recipes/transportation/oak_boat": {
    "criteria": {
      "in_water": "2024-08-20 20:06:01 +0000"
    },
    "done": true
  },
  "minecraft:recipes/transportation/mangrove_boat": {
    "criteria": {
      "in_water": "2024-08-20 20:06:01 +0000"
    },
    "done": true
  },
  "minecraft:recipes/transportation/acacia_boat": {
    "criteria": {
      "in_water": "2024-08-20 20:06:01 +0000"
    },
    "done": true
  },
  "minecraft:recipes/transportation/jungle_boat": {
    "criteria": {
      "in_water": "2024-08-20 20:06:01 +0000"
    },
    "done": true
  },
  "minecraft:recipes/transportation/dark_oak_boat": {
    "criteria": {
      "in_water": "2024-08-20 20:06:01 +0000"
    },
    "done": true
  },
  "candlelight:recipes/bamboo_counter": {
    "criteria": {
      "has_bamboo": "2024-08-20 20:06:22 +0000"
    },
    "done": true
  },
  "candlelight:recipes/bamboo_stove": {
    "criteria": {
      "has_bamboo": "2024-08-20 20:06:22 +0000"
    },
    "done": true
  },
  "supplementaries:recipes/bamboo_spikes": {
    "criteria": {
      "has_bamboo": "2024-08-20 20:06:22 +0000"
    },
    "done": true
  },
  "supplementaries:recipes/flute": {
    "criteria": {
      "has_bamboo": "2024-08-20 20:06:22 +0000"
    },
    "done": true
  },
  "candlelight:recipes/bamboo_kitchen_sink": {
    "criteria": {
      "has_bamboo": "2024-08-20 20:06:22 +0000"
    },
    "done": true
  },
  "minecraft:recipes/misc/stick_from_bamboo_item": {
    "criteria": {
      "has_bamboo": "2024-08-20 20:06:22 +0000"
    },
    "done": true
  },
  "minecraft:recipes/building_blocks/bamboo_block": {
    "criteria": {
      "has_bamboo": "2024-08-20 20:06:22 +0000"
    },
    "done": true
  },
  "minecraft:recipes/decorations/scaffolding": {
    "criteria": {
      "has_bamboo": "2024-08-20 20:06:22 +0000"
    },
    "done": true
  },
  "minecraft:recipes/decorations/ladder": {
    "criteria": {
      "has_stick": "2024-08-20 20:06:32 +0000"
    },
    "done": true
  },
  "supplementaries:recipes/timber_cross_brace": {
    "criteria": {
      "forge:rods/wooden": "2024-08-20 20:06:32 +0000"
    },
    "done": true
  },
  "supplementaries:recipes/crank": {
    "criteria": {
      "forge:rods/wooden": "2024-08-20 20:06:32 +0000"
    },
    "done": true
  },
  "supplementaries:recipes/flags/flag_brown": {
    "criteria": {
      "has_stick": "2024-08-20 20:06:32 +0000"
    },
    "done": true
  },
  "supplementaries:recipes/flags/flag_gray": {
    "criteria": {
      "has_stick": "2024-08-20 20:06:32 +0000"
    },
    "done": true
  },
  "farmersdelight:recipes/combat/flint_knife": {
    "criteria": {
      "has_stick": "2024-08-20 20:06:32 +0000"
    },
    "done": true
  },
  "supplementaries:recipes/flags/flag_orange": {
    "criteria": {
      "has_stick": "2024-08-20 20:06:32 +0000"
    },
    "done": true
  },
  "supplementaries:recipes/flags/flag_magenta": {
    "criteria": {
      "has_stick": "2024-08-20 20:06:32 +0000"
    },
    "done": true
  },
  "supplementaries:recipes/faucet": {
    "criteria": {
      "forge:rods/wooden": "2024-08-20 20:06:32 +0000"
    },
    "done": true
  },
  "minecraft:recipes/tools/wooden_axe": {
    "criteria": {
      "has_stick": "2024-08-20 20:06:32 +0000"
    },
    "done": true
  },
  "vinery:recipes/grapevine_lattice": {
    "criteria": {
      "has_stick": "2024-08-20 20:06:32 +0000"
    },
    "done": true
  },
  "supplementaries:recipes/flags/flag_light_blue": {
    "criteria": {
      "has_stick": "2024-08-20 20:06:32 +0000"
    },
    "done": true
  },
  "vinery:recipes/dark_cherry_fence": {
    "criteria": {
      "has_stick": "2024-08-20 20:06:32 +0000"
    },
    "done": true
  },
  "bakery:recipes/cupcake_display": {
    "criteria": {
      "has_stick": "2024-08-20 20:06:32 +0000"
    },
    "done": true
  },
  "supplementaries:recipes/daub_cross_brace": {
    "criteria": {
      "forge:rods/wooden": "2024-08-20 20:06:32 +0000"
    },
    "done": true
  },
  "supplementaries:recipes/daub_brace": {
    "criteria": {
      "forge:rods/wooden": "2024-08-20 20:06:32 +0000"
    },
    "done": true
  },
  "supplementaries:recipes/flags/flag_blue": {
    "criteria": {
      "has_stick": "2024-08-20 20:06:32 +0000"
    },
    "done": true
  },
  "supplementaries:recipes/daub_frame": {
    "criteria": {
      "forge:rods/wooden": "2024-08-20 20:06:32 +0000"
    },
    "done": true
  },
  "supplementaries:recipes/flags/flag_pink": {
    "criteria": {
      "has_stick": "2024-08-20 20:06:32 +0000"
    },
    "done": true
  },
  "minecraft:recipes/decorations/campfire": {
    "criteria": {
      "has_stick": "2024-08-20 20:06:32 +0000"
    },
    "done": true
  },
  "supplementaries:recipes/timber_frame": {
    "criteria": {
      "forge:rods/wooden": "2024-08-20 20:06:32 +0000"
    },
    "done": true
  },
  "minecraft:recipes/tools/wooden_hoe": {
    "criteria": {
      "has_stick": "2024-08-20 20:06:32 +0000"
    },
    "done": true
  },
  "vinery:recipes/dark_cherry_fence_gate": {
    "criteria": {
      "has_stick": "2024-08-20 20:06:32 +0000"
    },
    "done": true
  },
  "minecraft:recipes/tools/wooden_pickaxe": {
    "criteria": {
      "has_stick": "2024-08-20 20:06:32 +0000"
    },
    "done": true
  },
  "vinery:recipes/campfire": {
    "criteria": {
      "has_stick": "2024-08-20 20:06:32 +0000",
      "has_the_recipe": "2024-08-20 20:06:32 +0000"
    },
    "done": true
  },
  "supplementaries:recipes/flags/flag_cyan": {
    "criteria": {
      "has_stick": "2024-08-20 20:06:32 +0000"
    },
    "done": true
  },
  "supplementaries:recipes/slingshot": {
    "criteria": {
      "forge:rods/wooden": "2024-08-20 20:06:32 +0000"
    },
    "done": true
  },
  "supplementaries:recipes/timber_brace": {
    "criteria": {
      "forge:rods/wooden": "2024-08-20 20:06:32 +0000"
    },
    "done": true
  },
  "supplementaries:recipes/flags/flag_yellow": {
    "criteria": {
      "has_stick": "2024-08-20 20:06:32 +0000"
    },
    "done": true
  },
  "minecraft:recipes/tools/wooden_shovel": {
    "criteria": {
      "has_stick": "2024-08-20 20:06:32 +0000"
    },
    "done": true
  },
  "supplementaries:recipes/flags/flag_light_gray": {
    "criteria": {
      "has_stick": "2024-08-20 20:06:32 +0000"
    },
    "done": true
  },
  "supplementaries:recipes/flags/flag_black": {
    "criteria": {
      "has_stick": "2024-08-20 20:06:32 +0000"
    },
    "done": true
  },
  "minecraft:recipes/combat/wooden_sword": {
    "criteria": {
      "has_stick": "2024-08-20 20:06:32 +0000"
    },
    "done": true
  },
  "supplementaries:recipes/flags/flag_red": {
    "criteria": {
      "has_stick": "2024-08-20 20:06:32 +0000"
    },
    "done": true
  },
  "supplementaries:recipes/flags/flag_green": {
    "criteria": {
      "has_stick": "2024-08-20 20:06:32 +0000"
    },
    "done": true
  },
  "bakery:recipes/bread_box": {
    "criteria": {
      "has_stick": "2024-08-20 20:06:32 +0000"
    },
    "done": true
  },
  "farmersdelight:recipes/decorations/cutting_board": {
    "criteria": {
      "has_stick": "2024-08-20 20:06:32 +0000"
    },
    "done": true
  },
  "supplementaries:recipes/flags/flag_purple": {
    "criteria": {
      "has_stick": "2024-08-20 20:06:32 +0000"
    },
    "done": true
  },
  "supplementaries:recipes/flags/flag_white": {
    "criteria": {
      "has_stick": "2024-08-20 20:06:32 +0000"
    },
    "done": true
  },
  "supplementaries:recipes/flags/flag_lime": {
    "criteria": {
      "has_stick": "2024-08-20 20:06:32 +0000"
    },
    "done": true
  },
  "minecraft:recipes/building_blocks/coarse_dirt": {
    "criteria": {
      "has_gravel": "2024-08-20 20:07:02 +0000"
    },
    "done": true
  },
  "minecraft:recipes/building_blocks/light_gray_concrete_powder": {
    "criteria": {
      "has_gravel": "2024-08-20 20:07:02 +0000"
    },
    "done": true
  },
  "minecraft:recipes/building_blocks/pink_concrete_powder": {
    "criteria": {
      "has_gravel": "2024-08-20 20:07:02 +0000"
    },
    "done": true
  },
  "minecraft:recipes/building_blocks/red_concrete_powder": {
    "criteria": {
      "has_gravel": "2024-08-20 20:07:02 +0000"
    },
    "done": true
  },
  "minecraft:recipes/building_blocks/brown_concrete_powder": {
    "criteria": {
      "has_gravel": "2024-08-20 20:07:02 +0000"
    },
    "done": true
  },
  "minecraft:recipes/building_blocks/light_blue_concrete_powder": {
    "criteria": {
      "has_gravel": "2024-08-20 20:07:02 +0000"
    },
    "done": true
  },
  "minecraft:recipes/building_blocks/green_concrete_powder": {
    "criteria": {
      "has_gravel": "2024-08-20 20:07:02 +0000"
    },
    "done": true
  },
  "minecraft:recipes/building_blocks/blue_concrete_powder": {
    "criteria": {
      "has_gravel": "2024-08-20 20:07:02 +0000"
    },
    "done": true
  },
  "minecraft:recipes/building_blocks/white_concrete_powder": {
    "criteria": {
      "has_gravel": "2024-08-20 20:07:02 +0000"
    },
    "done": true
  },
  "minecraft:recipes/building_blocks/lime_concrete_powder": {
    "criteria": {
      "has_gravel": "2024-08-20 20:07:02 +0000"
    },
    "done": true
  },
  "minecraft:recipes/building_blocks/orange_concrete_powder": {
    "criteria": {
      "has_gravel": "2024-08-20 20:07:02 +0000"
    },
    "done": true
  },
  "minecraft:recipes/building_blocks/magenta_concrete_powder": {
    "criteria": {
      "has_gravel": "2024-08-20 20:07:02 +0000"
    },
    "done": true
  },
  "minecraft:recipes/building_blocks/yellow_concrete_powder": {
    "criteria": {
      "has_gravel": "2024-08-20 20:07:02 +0000"
    },
    "done": true
  },
  "minecraft:recipes/building_blocks/gray_concrete_powder": {
    "criteria": {
      "has_gravel": "2024-08-20 20:07:02 +0000"
    },
    "done": true
  },
  "minecraft:recipes/building_blocks/black_concrete_powder": {
    "criteria": {
      "has_gravel": "2024-08-20 20:07:02 +0000"
    },
    "done": true
  },
  "minecraft:recipes/building_blocks/purple_concrete_powder": {
    "criteria": {
      "has_gravel": "2024-08-20 20:07:02 +0000"
    },
    "done": true
  },
  "minecraft:recipes/building_blocks/cyan_concrete_powder": {
    "criteria": {
      "has_gravel": "2024-08-20 20:07:02 +0000"
    },
    "done": true
  },
  "tough_beginnings:rockystart": {
    "criteria": {
      "rockystart_0": "2024-08-20 20:07:08 +0000"
    },
    "done": true
  },
  "minecraft:recipes/building_blocks/jungle_wood": {
    "criteria": {
      "has_log": "2024-08-20 20:08:50 +0000"
    },
    "done": true
  },
  "minecraft:recipes/building_blocks/jungle_planks": {
    "criteria": {
      "has_logs": "2024-08-20 20:08:50 +0000"
    },
    "done": true
  },
  "minecraft:recipes/misc/charcoal": {
    "criteria": {
      "has_log": "2024-08-20 20:08:50 +0000"
    },
    "done": true
  },
  "minecraft:recipes/building_blocks/glass": {
    "criteria": {
      "has_smelts_to_glass": "2024-08-20 20:09:24 +0000"
    },
    "done": true
  },
  "minecraft:recipes/building_blocks/sandstone": {
    "criteria": {
      "has_sand": "2024-08-20 20:09:24 +0000"
    },
    "done": true
  },
  "supplementaries:recipes/flower_box": {
    "criteria": {
      "has_dirt": "2024-08-20 20:09:25 +0000"
    },
    "done": true
  },
  "vinery:recipes/dirt_slab": {
    "criteria": {
      "has_dirt": "2024-08-20 20:09:25 +0000"
    },
    "done": true
  },
  "minecraft:recipes/decorations/fletching_table": {
    "criteria": {
      "has_flint": "2024-08-20 20:09:50 +0000"
    },
    "done": true
  },
  "tough_beginnings:smash_it": {
    "criteria": {
      "smash_it_0": "2024-08-20 20:09:50 +0000"
    },
    "done": true
  },
  "minecraft:recipes/combat/arrow": {
    "criteria": {
      "has_flint": "2024-08-20 20:09:50 +0000"
    },
    "done": true
  },
  "supplementaries:recipes/flint_block": {
    "criteria": {
      "has_flint": "2024-08-20 20:09:50 +0000"
    },
    "done": true
  },
  "minecraft:recipes/tools/flint_and_steel": {
    "criteria": {
      "has_flint": "2024-08-20 20:09:50 +0000"
    },
    "done": true
  },
  "farmersdelight:main/craft_knife": {
    "criteria": {
      "flint_knife": "2024-08-20 20:10:11 +0000"
    },
    "done": true
  },
  "minecraft:recipes/decorations/chest": {
    "criteria": {
      "has_lots_of_items": "2024-08-20 20:10:12 +0000"
    },
    "done": true
  },
  "minecraft:adventure/kill_all_mobs": {
    "criteria": {
      "minecraft:zombie": "2024-08-20 20:10:26 +0000"
    },
    "done": false
  },
  "minecraft:adventure/kill_a_mob": {
    "criteria": {
      "minecraft:zombie": "2024-08-20 20:10:26 +0000"
    },
    "done": true
  },
  "farmersdelight:recipes/cooking/dog_food": {
    "criteria": {
      "has_any_ingredient": "2024-08-20 20:10:28 +0000"
    },
    "done": true
  },
  "farmersdelight:recipes/building_blocks/organic_compost_from_rotten_flesh": {
    "criteria": {
      "has_rotten_flesh": "2024-08-20 20:10:28 +0000"
    },
    "done": true
  },
  "lightmanscurrency:recipes/misc/coins/coinblock_emerald_from_pile": {
    "criteria": {
      "money": "2024-08-20 20:12:10 +0000"
    },
    "done": true
  },
  "lightmanscurrency:recipes/misc/wallet/upgrade_wallet_iron_to_wallet_emerald": {
    "criteria": {
      "coin": "2024-08-20 20:12:10 +0000"
    },
    "done": true
  },
  "lightmanscurrency:recipes/misc/traders/large_vending_machine/dye_light_blue": {
    "criteria": {
      "money": "2024-08-20 20:12:10 +0000"
    },
    "done": true
  },
  "lightmanscurrency:recipes/misc/traders/card_display/bamboo/cyan": {
    "criteria": {
      "money": "2024-08-20 20:12:10 +0000"
    },
    "done": true
  },
  "lightmanscurrency:recipes/misc/traders/card_display/warped/lime": {
    "criteria": {
      "money": "2024-08-20 20:12:10 +0000"
    },
    "done": true
  },
  "lightmanscurrency:recipes/misc/traders/card_display/dark_oak/orange": {
    "criteria": {
      "money": "2024-08-20 20:12:10 +0000"
    },
    "done": true
  },
  "lightmanscurrency:recipes/misc/terminal_swap": {
    "criteria": {
      "money": "2024-08-20 20:12:10 +0000"
    },
    "done": true
  },
  "lightmanscurrency:recipes/misc/traders/card_display/spruce/orange": {
    "criteria": {
      "money": "2024-08-20 20:12:10 +0000"
    },
    "done": true
  },
  "lightmanscurrency:recipes/misc/coins/coin_netherite_from_pile": {
    "criteria": {
      "money": "2024-08-20 20:12:10 +0000"
    },
    "done": true
  },
  "lightmanscurrency:recipes/misc/traders/card_display/oak/brown": {
    "criteria": {
      "money": "2024-08-20 20:12:10 +0000"
    },
    "done": true
  },
  "lightmanscurrency:recipes/misc/traders/card_display/jungle/yellow": {
    "criteria": {
      "money": "2024-08-20 20:12:10 +0000"
    },
    "done": true
  },
  "lightmanscurrency:recipes/misc/traders/card_display/crimson/blue": {
    "criteria": {
      "money": "2024-08-20 20:12:10 +0000"
    },
    "done": true
  },
  "lightmanscurrency:recipes/misc/traders/card_display/cherry/light_blue": {
    "criteria": {
      "money": "2024-08-20 20:12:10 +0000"
    },
    "done": true
  },
  "lightmanscurrency:recipes/misc/traders/freezer/black": {
    "criteria": {
      "money": "2024-08-20 20:12:10 +0000"
    },
    "done": true
  },
  "lightmanscurrency:recipes/misc/traders/card_display/jungle/black": {
    "criteria": {
      "money": "2024-08-20 20:12:10 +0000"
    },
    "done": true
  },
  "lightmanscurrency:recipes/misc/traders/card_display/spruce/cyan": {
    "criteria": {
      "money": "2024-08-20 20:12:10 +0000"
    },
    "done": true
  },
  "lightmanscurrency:recipes/misc/traders/shelf/jungle": {
    "criteria": {
      "money": "2024-08-20 20:12:10 +0000"
    },
    "done": true
  },
  "lightmanscurrency:recipes/misc/traders/card_display/acacia/black": {
    "criteria": {
      "money": "2024-08-20 20:12:10 +0000"
    },
    "done": true
  },
  "lightmanscurrency:recipes/misc/traders/card_display/dark_oak/pink": {
    "criteria": {
      "money": "2024-08-20 20:12:10 +0000"
    },
    "done": true
  },
  "lightmanscurrency:recipes/misc/traders/freezer/gray": {
    "criteria": {
      "money": "2024-08-20 20:12:10 +0000"
    },
    "done": true
  },
  "lightmanscurrency:recipes/misc/wallet/upgrade_wallet_iron_to_wallet_diamond": {
    "criteria": {
      "coin": "2024-08-20 20:12:10 +0000"
    },
    "done": true
  },
  "lightmanscurrency:recipes/misc/traders/card_display/acacia/gray": {
    "criteria": {
      "money": "2024-08-20 20:12:10 +0000"
    },
    "done": true
  },
  "lightmanscurrency:recipes/misc/trading_core": {
    "criteria": {
      "money": "2024-08-20 20:12:10 +0000"
    },
    "done": true
  },
  "lightmanscurrency:recipes/misc/traders/shelf2/birch": {
    "criteria": {
      "money": "2024-08-20 20:12:10 +0000"
    },
    "done": true
  },
  "lightmanscurrency:recipes/misc/traders/card_display/dark_oak/magenta": {
    "criteria": {
      "money": "2024-08-20 20:12:10 +0000"
    },
    "done": true
  },
  "lightmanscurrency:recipes/misc/coins/coinpile_emerald_from_block": {
    "criteria": {
      "money": "2024-08-20 20:12:10 +0000"
    },
    "done": true
  },
  "lightmanscurrency:recipes/misc/traders/shelf/cherry": {
    "criteria": {
      "money": "2024-08-20 20:12:10 +0000"
    },
    "done": true
  },
  "lightmanscurrency:recipes/misc/traders/card_display/birch/white": {
    "criteria": {
      "money": "2024-08-20 20:12:10 +0000"
    },
    "done": true
  },
  "lightmanscurrency:recipes/misc/traders/card_display/dark_oak/lime": {
    "criteria": {
      "money": "2024-08-20 20:12:10 +0000"
    },
    "done": true
  },
  "lightmanscurrency:recipes/misc/traders/shelf2/jungle": {
    "criteria": {
      "money": "2024-08-20 20:12:10 +0000"
    },
    "done": true
  },
  "lightmanscurrency:recipes/misc/traders/vending_machine/dye_orange": {
    "criteria": {
      "money": "2024-08-20 20:12:10 +0000"
    },
    "done": true
  },
  "lightmanscurrency:recipes/misc/traders/card_display/warped/red": {
    "criteria": {
      "money": "2024-08-20 20:12:10 +0000"
    },
    "done": true
  },
  "lightmanscurrency:recipes/misc/traders/large_vending_machine/dye_gray": {
    "criteria": {
      "money": "2024-08-20 20:12:10 +0000"
    },
    "done": true
  },
  "lightmanscurrency:recipes/misc/coins/coinpile_netherite_from_coin": {
    "criteria": {
      "money": "2024-08-20 20:12:10 +0000"
    },
    "done": true
  },
  "lightmanscurrency:recipes/misc/traders/shelf2/cherry": {
    "criteria": {
      "money": "2024-08-20 20:12:10 +0000"
    },
    "done": true
  },
  "lightmanscurrency:recipes/misc/traders/card_display/acacia/green": {
    "criteria": {
      "money": "2024-08-20 20:12:10 +0000"
    },
    "done": true
  },
  "lightmanscurrency:recipes/misc/traders/card_display/jungle/brown": {
    "criteria": {
      "money": "2024-08-20 20:12:10 +0000"
    },
    "done": true
  },
  "lightmanscurrency:recipes/misc/traders/vending_machine/dye_gray": {
    "criteria": {
      "money": "2024-08-20 20:12:10 +0000"
    },
    "done": true
  },
  "lightmanscurrency:recipes/misc/traders/card_display/dark_oak/blue": {
    "criteria": {
      "money": "2024-08-20 20:12:10 +0000"
    },
    "done": true
  },
  "lightmanscurrency:recipes/misc/traders/card_display/dark_oak/purple": {
    "criteria": {
      "money": "2024-08-20 20:12:10 +0000"
    },
    "done": true
  },
  "lightmanscurrency:recipes/misc/traders/freezer/green": {
    "criteria": {
      "money": "2024-08-20 20:12:10 +0000"
    },
    "done": true
  },
  "lightmanscurrency:recipes/misc/traders/vending_machine/dye_purple": {
    "criteria": {
      "money": "2024-08-20 20:12:10 +0000"
    },
    "done": true
  },
  "lightmanscurrency:recipes/misc/traders/card_display/spruce/purple": {
    "criteria": {
      "money": "2024-08-20 20:12:10 +0000"
    },
    "done": true
  },
  "lightmanscurrency:recipes/misc/traders/card_display/crimson/lime": {
    "criteria": {
      "money": "2024-08-20 20:12:10 +0000"
    },
    "done": true
  },
  "lightmanscurrency:recipes/misc/traders/card_display/dark_oak/white": {
    "criteria": {
      "money": "2024-08-20 20:12:10 +0000"
    },
    "done": true
  },
  "lightmanscurrency:recipes/misc/traders/card_display/crimson/green": {
    "criteria": {
      "money": "2024-08-20 20:12:10 +0000"
    },
    "done": true
  },
  "lightmanscurrency:recipes/misc/traders/large_vending_machine/washing": {
    "criteria": {
      "money": "2024-08-20 20:12:10 +0000"
    },
    "done": true
  },
  "lightmanscurrency:recipes/misc/traders/card_display/spruce/black": {
    "criteria": {
      "money": "2024-08-20 20:12:10 +0000"
    },
    "done": true
  },
  "lightmanscurrency:recipes/misc/traders/bookshelf/spruce": {
    "criteria": {
      "money": "2024-08-20 20:12:10 +0000"
    },
    "done": true
  },
  "lightmanscurrency:recipes/misc/traders/card_display/acacia/brown": {
    "criteria": {
      "money": "2024-08-20 20:12:10 +0000"
    },
    "done": true
  },
  "lightmanscurrency:recipes/misc/traders/card_display/jungle/purple": {
    "criteria": {
      "money": "2024-08-20 20:12:10 +0000"
    },
    "done": true
  },
  "lightmanscurrency:recipes/misc/traders/card_display/spruce/pink": {
    "criteria": {
      "money": "2024-08-20 20:12:10 +0000"
    },
    "done": true
  },
  "lightmanscurrency:recipes/misc/traders/card_display/crimson/purple": {
    "criteria": {
      "money": "2024-08-20 20:12:10 +0000"
    },
    "done": true
  },
  "lightmanscurrency:recipes/misc/traders/card_display/oak/green": {
    "criteria": {
      "money": "2024-08-20 20:12:10 +0000"
    },
    "done": true
  },
  "lightmanscurrency:recipes/misc/traders/card_display/birch/light_blue": {
    "criteria": {
      "money": "2024-08-20 20:12:10 +0000"
    },
    "done": true
  },
  "lightmanscurrency:recipes/misc/traders/card_display/warped/white": {
    "criteria": {
      "money": "2024-08-20 20:12:10 +0000"
    },
    "done": true
  },
  "lightmanscurrency:recipes/misc/upgrades/hopper_upgrade": {
    "criteria": {
      "money": "2024-08-20 20:12:10 +0000"
    },
    "done": true
  },
  "lightmanscurrency:recipes/misc/traders/card_display/warped/light_gray": {
    "criteria": {
      "money": "2024-08-20 20:12:10 +0000"
    },
    "done": true
  },
  "lightmanscurrency:recipes/coin_mint/coin_mint/mint_coin_netherite": {
    "criteria": {
      "money": "2024-08-20 20:12:10 +0000"
    },
    "done": true
  },
  "lightmanscurrency:recipes/misc/traders/card_display/oak/yellow": {
    "criteria": {
      "money": "2024-08-20 20:12:10 +0000"
    },
    "done": true
  },
  "lightmanscurrency:recipes/misc/traders/card_display/birch/red": {
    "criteria": {
      "money": "2024-08-20 20:12:10 +0000"
    },
    "done": true
  },
  "lightmanscurrency:recipes/misc/traders/card_display/birch/green": {
    "criteria": {
      "money": "2024-08-20 20:12:10 +0000"
    },
    "done": true
  },
  "lightmanscurrency:recipes/coin_mint/coin_mint/melt_coin_netherite": {
    "criteria": {
      "money": "2024-08-20 20:12:10 +0000"
    },
    "done": true
  },
  "lightmanscurrency:recipes/misc/traders/card_display/mangrove/magenta": {
    "criteria": {
      "money": "2024-08-20 20:12:10 +0000"
    },
    "done": true
  },
  "lightmanscurrency:recipes/misc/traders/slot_machine": {
    "criteria": {
      "money": "2024-08-20 20:12:10 +0000"
    },
    "done": true
  },
  "lightmanscurrency:recipes/coin_mint/coin_mint/mint_coin_iron": {
    "criteria": {
      "money": "2024-08-20 20:12:10 +0000"
    },
    "done": true
  },
  "lightmanscurrency:recipes/misc/traders/large_vending_machine/dye_magenta": {
    "criteria": {
      "money": "2024-08-20 20:12:10 +0000"
    },
    "done": true
  },
  "lightmanscurrency:recipes/misc/traders/shelf2/acacia": {
    "criteria": {
      "money": "2024-08-20 20:12:10 +0000"
    },
    "done": true
  },
  "lightmanscurrency:recipes/misc/traders/card_display/oak/cyan": {
    "criteria": {
      "money": "2024-08-20 20:12:10 +0000"
    },
    "done": true
  },
  "lightmanscurrency:recipes/misc/traders/card_display/dark_oak/cyan": {
    "criteria": {
      "money": "2024-08-20 20:12:10 +0000"
    },
    "done": true
  },
  "lightmanscurrency:recipes/misc/traders/shelf/crimson": {
    "criteria": {
      "money": "2024-08-20 20:12:10 +0000"
    },
    "done": true
  },
  "lightmanscurrency:recipes/misc/wallet/upgrade_wallet_copper_to_wallet_iron": {
    "criteria": {
      "coin": "2024-08-20 20:12:10 +0000"
    },
    "done": true
  },
  "lightmanscurrency:recipes/misc/atm": {
    "criteria": {
      "money": "2024-08-20 20:12:10 +0000"
    },
    "done": true
  },
  "lightmanscurrency:recipes/misc/traders/card_display/warped/purple": {
    "criteria": {
      "money": "2024-08-20 20:12:10 +0000"
    },
    "done": true
  },
  "lightmanscurrency:recipes/misc/wallet/upgrade_wallet_iron_to_wallet_netherite": {
    "criteria": {
      "coin": "2024-08-20 20:12:10 +0000"
    },
    "done": true
  },
  "lightmanscurrency:recipes/misc/traders/card_display/oak/black": {
    "criteria": {
      "money": "2024-08-20 20:12:10 +0000"
    },
    "done": true
  },
  "lightmanscurrency:recipes/misc/upgrades/copy_template": {
    "criteria": {
      "money": "2024-08-20 20:12:10 +0000"
    },
    "done": true
  },
  "lightmanscurrency:recipes/misc/traders/freezer/magenta": {
    "criteria": {
      "money": "2024-08-20 20:12:10 +0000"
    },
    "done": true
  },
  "lightmanscurrency:recipes/coin_mint/coin_mint/melt_coin_iron": {
    "criteria": {
      "money": "2024-08-20 20:12:10 +0000"
    },
    "done": true
  },
  "lightmanscurrency:recipes/misc/traders/card_display/spruce/blue": {
    "criteria": {
      "money": "2024-08-20 20:12:10 +0000"
    },
    "done": true
  },
  "lightmanscurrency:recipes/misc/traders/card_display/dark_oak/light_blue": {
    "criteria": {
      "money": "2024-08-20 20:12:10 +0000"
    },
    "done": true
  },
  "lightmanscurrency:recipes/misc/traders/vending_machine/washing": {
    "criteria": {
      "money": "2024-08-20 20:12:10 +0000"
    },
    "done": true
  },
  "lightmanscurrency:recipes/misc/traders/freezer/brown": {
    "criteria": {
      "money": "2024-08-20 20:12:10 +0000"
    },
    "done": true
  },
  "lightmanscurrency:recipes/misc/traders/card_display/bamboo/light_gray": {
    "criteria": {
      "money": "2024-08-20 20:12:10 +0000"
    },
    "done": true
  },
  "lightmanscurrency:recipes/misc/traders/card_display/birch/black": {
    "criteria": {
      "money": "2024-08-20 20:12:10 +0000"
    },
    "done": true
  },
  "lightmanscurrency:recipes/misc/coins/coinpile_iron_from_block": {
    "criteria": {
      "money": "2024-08-20 20:12:10 +0000"
    },
    "done": true
  },
  "lightmanscurrency:recipes/misc/traders/card_display/jungle/green": {
    "criteria": {
      "money": "2024-08-20 20:12:10 +0000"
    },
    "done": true
  },
  "lightmanscurrency:recipes/misc/traders/card_display/spruce/lime": {
    "criteria": {
      "money": "2024-08-20 20:12:10 +0000"
    },
    "done": true
  },
  "lightmanscurrency:recipes/misc/traders/card_display/spruce/green": {
    "criteria": {
      "money": "2024-08-20 20:12:10 +0000"
    },
    "done": true
  },
  "lightmanscurrency:recipes/misc/portable_gem_terminal_swap": {
    "criteria": {
      "money": "2024-08-20 20:12:10 +0000"
    },
    "done": true
  },
  "lightmanscurrency:recipes/misc/traders/vending_machine/dye_light_blue": {
    "criteria": {
      "money": "2024-08-20 20:12:10 +0000"
    },
    "done": true
  },
  "lightmanscurrency:recipes/misc/traders/shelf2/bamboo": {
    "criteria": {
      "money": "2024-08-20 20:12:10 +0000"
    },
    "done": true
  },
  "lightmanscurrency:recipes/misc/traders/bookshelf/jungle": {
    "criteria": {
      "money": "2024-08-20 20:12:10 +0000"
    },
    "done": true
  },
  "lightmanscurrency:recipes/misc/coins/coin_emerald_from_pile": {
    "criteria": {
      "money": "2024-08-20 20:12:10 +0000"
    },
    "done": true
  },
  "lightmanscurrency:recipes/misc/traders/large_vending_machine/dye_red": {
    "criteria": {
      "money": "2024-08-20 20:12:10 +0000"
    },
    "done": true
  },
  "lightmanscurrency:recipes/misc/traders/card_display/bamboo/white": {
    "criteria": {
      "money": "2024-08-20 20:12:10 +0000"
    },
    "done": true
  },
  "lightmanscurrency:recipes/misc/traders/vending_machine": {
    "criteria": {
      "money": "2024-08-20 20:12:10 +0000"
    },
    "done": true
  },
  "lightmanscurrency:recipes/misc/traders/vending_machine/dye_magenta": {
    "criteria": {
      "money": "2024-08-20 20:12:10 +0000"
    },
    "done": true
  },
  "lightmanscurrency:recipes/misc/traders/freezer/purple": {
    "criteria": {
      "money": "2024-08-20 20:12:10 +0000"
    },
    "done": true
  },
  "lightmanscurrency:recipes/misc/traders/shelf/bamboo": {
    "criteria": {
      "money": "2024-08-20 20:12:10 +0000"
    },
    "done": true
  },
  "lightmanscurrency:recipes/misc/traders/card_display/crimson/yellow": {
    "criteria": {
      "money": "2024-08-20 20:12:10 +0000"
    },
    "done": true
  },
  "lightmanscurrency:recipes/misc/traders/shelf2/crimson": {
    "criteria": {
      "money": "2024-08-20 20:12:10 +0000"
    },
    "done": true
  },
  "lightmanscurrency:recipes/misc/traders/card_display/warped/light_blue": {
    "criteria": {
      "money": "2024-08-20 20:12:10 +0000"
    },
    "done": true
  },
  "lightmanscurrency:recipes/misc/traders/card_display/mangrove/blue": {
    "criteria": {
      "money": "2024-08-20 20:12:10 +0000"
    },
    "done": true
  },
  "lightmanscurrency:recipes/misc/auction_stand/mangrove": {
    "criteria": {
      "money": "2024-08-20 20:12:10 +0000"
    },
    "done": true
  },
  "lightmanscurrency:recipes/misc/coins/coinpile_iron_from_coin": {
    "criteria": {
      "money": "2024-08-20 20:12:10 +0000",
      "coin": "2024-08-20 20:12:10 +0000"
    },
    "done": true
  },
  "lightmanscurrency:recipes/misc/coins/coinblock_netherite_from_pile": {
    "criteria": {
      "money": "2024-08-20 20:12:10 +0000"
    },
    "done": true
  },
  "lightmanscurrency:recipes/misc/traders/large_vending_machine/dye_lime": {
    "criteria": {
      "money": "2024-08-20 20:12:10 +0000"
    },
    "done": true
  },
  "lightmanscurrency:recipes/misc/traders/card_display/oak/orange": {
    "criteria": {
      "money": "2024-08-20 20:12:10 +0000"
    },
    "done": true
  },
  "lightmanscurrency:recipes/misc/coins/coinblock_diamond_from_pile": {
    "criteria": {
      "money": "2024-08-20 20:12:10 +0000"
    },
    "done": true
  },
  "lightmanscurrency:recipes/misc/traders/card_display/jungle/red": {
    "criteria": {
      "money": "2024-08-20 20:12:10 +0000"
    },
    "done": true
  },
  "lightmanscurrency:recipes/coin_mint/coin_mint/melt_coin_copper": {
    "criteria": {
      "money": "2024-08-20 20:12:10 +0000"
    },
    "done": true
  },
  "lightmanscurrency:recipes/misc/upgrades/coin_chest_magnet_upgrade_1": {
    "criteria": {
      "money": "2024-08-20 20:12:10 +0000"
    },
    "done": true
  },
  "lightmanscurrency:recipes/misc/upgrades/coin_chest_magnet_upgrade_2": {
    "criteria": {
      "money": "2024-08-20 20:12:10 +0000"
    },
    "done": true
  },
  "lightmanscurrency:recipes/misc/traders/card_display/bamboo/orange": {
    "criteria": {
      "money": "2024-08-20 20:12:10 +0000"
    },
    "done": true
  },
  "lightmanscurrency:recipes/misc/upgrades/coin_chest_magnet_upgrade_3": {
    "criteria": {
      "money": "2024-08-20 20:12:10 +0000"
    },
    "done": true
  },
  "lightmanscurrency:recipes/misc/upgrades/coin_chest_magnet_upgrade_4": {
    "criteria": {
      "money": "2024-08-20 20:12:10 +0000"
    },
    "done": true
  },
  "lightmanscurrency:recipes/misc/traders/card_display/warped/cyan": {
    "criteria": {
      "money": "2024-08-20 20:12:10 +0000"
    },
    "done": true
  },
  "lightmanscurrency:recipes/misc/traders/card_display/mangrove/light_gray": {
    "criteria": {
      "money": "2024-08-20 20:12:10 +0000"
    },
    "done": true
  },
  "lightmanscurrency:recipes/misc/auction_stand/cherry": {
    "criteria": {
      "money": "2024-08-20 20:12:10 +0000"
    },
    "done": true
  },
  "lightmanscurrency:recipes/misc/traders/card_display/birch/brown": {
    "criteria": {
      "money": "2024-08-20 20:12:10 +0000"
    },
    "done": true
  },
  "lightmanscurrency:recipes/misc/traders/card_display/crimson/cyan": {
    "criteria": {
      "money": "2024-08-20 20:12:10 +0000"
    },
    "done": true
  },
  "lightmanscurrency:recipes/misc/upgrades/coin_chest_security_upgrade": {
    "criteria": {
      "money": "2024-08-20 20:12:10 +0000"
    },
    "done": true
  },
  "lightmanscurrency:recipes/misc/traders/card_display/warped/green": {
    "criteria": {
      "money": "2024-08-20 20:12:10 +0000"
    },
    "done": true
  },
  "lightmanscurrency:recipes/misc/traders/shelf2/spruce": {
    "criteria": {
      "money": "2024-08-20 20:12:10 +0000"
    },
    "done": true
  },
  "lightmanscurrency:recipes/misc/traders/bookshelf/warped": {
    "criteria": {
      "money": "2024-08-20 20:12:10 +0000"
    },
    "done": true
  },
  "lightmanscurrency:recipes/misc/traders/card_display/crimson/light_blue": {
    "criteria": {
      "money": "2024-08-20 20:12:10 +0000"
    },
    "done": true
  },
  "lightmanscurrency:recipes/misc/traders/card_display/bamboo/yellow": {
    "criteria": {
      "money": "2024-08-20 20:12:10 +0000"
    },
    "done": true
  },
  "lightmanscurrency:recipes/misc/coins/coinblock_copper_from_pile": {
    "criteria": {
      "money": "2024-08-20 20:12:10 +0000"
    },
    "done": true
  },
  "lightmanscurrency:recipes/misc/traders/card_display/cherry/brown": {
    "criteria": {
      "money": "2024-08-20 20:12:10 +0000"
    },
    "done": true
  },
  "lightmanscurrency:recipes/misc/coins/coinpile_copper_from_block": {
    "criteria": {
      "money": "2024-08-20 20:12:10 +0000"
    },
    "done": true
  },
  "lightmanscurrency:recipes/misc/traders/armor_display": {
    "criteria": {
      "money": "2024-08-20 20:12:10 +0000"
    },
    "done": true
  },
  "lightmanscurrency:recipes/misc/traders/card_display/spruce/white": {
    "criteria": {
      "money": "2024-08-20 20:12:10 +0000"
    },
    "done": true
  },
  "lightmanscurrency:recipes/misc/traders/card_display/mangrove/lime": {
    "criteria": {
      "money": "2024-08-20 20:12:10 +0000"
    },
    "done": true
  },
  "lightmanscurrency:recipes/misc/cash_register": {
    "criteria": {
      "money": "2024-08-20 20:12:10 +0000"
    },
    "done": true
  },
  "lightmanscurrency:recipes/misc/traders/paygate": {
    "criteria": {
      "money": "2024-08-20 20:12:10 +0000"
    },
    "done": true
  },
  "lightmanscurrency:recipes/misc/traders/card_display/acacia/light_blue": {
    "criteria": {
      "money": "2024-08-20 20:12:10 +0000"
    },
    "done": true
  },
  "lightmanscurrency:currency/root": {
    "criteria": {
      "coin": "2024-08-20 20:12:10 +0000"
    },
    "done": true
  },
  "lightmanscurrency:recipes/misc/traders/card_display/spruce/yellow": {
    "criteria": {
      "money": "2024-08-20 20:12:10 +0000"
    },
    "done": true
  },
  "lightmanscurrency:recipes/misc/traders/bookshelf/birch": {
    "criteria": {
      "money": "2024-08-20 20:12:10 +0000"
    },
    "done": true
  },
  "lightmanscurrency:recipes/coin_mint/coin_mint/melt_coin_emerald": {
    "criteria": {
      "money": "2024-08-20 20:12:10 +0000"
    },
    "done": true
  },
  "lightmanscurrency:recipes/coin_mint/coin_mint/mint_coin_gold": {
    "criteria": {
      "money": "2024-08-20 20:12:10 +0000"
    },
    "done": true
  },
  "lightmanscurrency:recipes/misc/traders/card_display/acacia/lime": {
    "criteria": {
      "money": "2024-08-20 20:12:10 +0000"
    },
    "done": true
  },
  "lightmanscurrency:recipes/misc/traders/card_display/warped/pink": {
    "criteria": {
      "money": "2024-08-20 20:12:10 +0000"
    },
    "done": true
  },
  "lightmanscurrency:recipes/misc/traders/card_display/mangrove/yellow": {
    "criteria": {
      "money": "2024-08-20 20:12:10 +0000"
    },
    "done": true
  },
  "lightmanscurrency:recipes/misc/traders/shelf/warped": {
    "criteria": {
      "money": "2024-08-20 20:12:10 +0000"
    },
    "done": true
  },
  "lightmanscurrency:recipes/misc/traders/shelf2/dark_oak": {
    "criteria": {
      "money": "2024-08-20 20:12:10 +0000"
    },
    "done": true
  },
  "lightmanscurrency:recipes/misc/traders/card_display/warped/black": {
    "criteria": {
      "money": "2024-08-20 20:12:10 +0000"
    },
    "done": true
  },
  "lightmanscurrency:recipes/misc/traders/card_display/oak/light_gray": {
    "criteria": {
      "money": "2024-08-20 20:12:10 +0000"
    },
    "done": true
  },
  "lightmanscurrency:recipes/misc/traders/freezer/blue": {
    "criteria": {
      "money": "2024-08-20 20:12:10 +0000"
    },
    "done": true
  },
  "lightmanscurrency:recipes/misc/traders/vending_machine/dye_cyan": {
    "criteria": {
      "money": "2024-08-20 20:12:10 +0000"
    },
    "done": true
  },
  "lightmanscurrency:recipes/misc/coins/coin_iron_from_pile": {
    "criteria": {
      "money": "2024-08-20 20:12:10 +0000"
    },
    "done": true
  },
  "lightmanscurrency:recipes/misc/traders/card_display/acacia/blue": {
    "criteria": {
      "money": "2024-08-20 20:12:10 +0000"
    },
    "done": true
  },
  "lightmanscurrency:recipes/misc/traders/vending_machine/dye_yellow": {
    "criteria": {
      "money": "2024-08-20 20:12:10 +0000"
    },
    "done": true
  },
  "lightmanscurrency:recipes/misc/traders/card_display/bamboo/pink": {
    "criteria": {
      "money": "2024-08-20 20:12:10 +0000"
    },
    "done": true
  },
  "lightmanscurrency:recipes/misc/traders/card_display/cherry/gray": {
    "criteria": {
      "money": "2024-08-20 20:12:10 +0000"
    },
    "done": true
  },
  "lightmanscurrency:recipes/coin_mint/coin_mint/melt_coin_gold": {
    "criteria": {
      "money": "2024-08-20 20:12:10 +0000"
    },
    "done": true
  },
  "lightmanscurrency:recipes/misc/traders/shelf2/oak": {
    "criteria": {
      "money": "2024-08-20 20:12:10 +0000"
    },
    "done": true
  },
  "lightmanscurrency:recipes/misc/traders/shelf/birch": {
    "criteria": {
      "money": "2024-08-20 20:12:10 +0000"
    },
    "done": true
  },
  "lightmanscurrency:recipes/misc/wallet/upgrade_wallet_emerald_to_wallet_diamond": {
    "criteria": {
      "coin": "2024-08-20 20:12:10 +0000"
    },
    "done": true
  },
  "lightmanscurrency:recipes/misc/traders/bookshelf/bamboo": {
    "criteria": {
      "money": "2024-08-20 20:12:10 +0000"
    },
    "done": true
  },
  "lightmanscurrency:recipes/misc/traders/card_display/birch/gray": {
    "criteria": {
      "money": "2024-08-20 20:12:10 +0000"
    },
    "done": true
  },
  "lightmanscurrency:recipes/misc/traders/freezer/light_blue": {
    "criteria": {
      "money": "2024-08-20 20:12:10 +0000"
    },
    "done": true
  },
  "lightmanscurrency:recipes/misc/traders/card_display/cherry/black": {
    "criteria": {
      "money": "2024-08-20 20:12:10 +0000"
    },
    "done": true
  },
  "lightmanscurrency:recipes/misc/traders/card_display/jungle/cyan": {
    "criteria": {
      "money": "2024-08-20 20:12:10 +0000"
    },
    "done": true
  },
  "lightmanscurrency:recipes/misc/wallet/upgrade_wallet_copper_to_wallet_emerald": {
    "criteria": {
      "coin": "2024-08-20 20:12:10 +0000"
    },
    "done": true
  },
  "lightmanscurrency:recipes/misc/upgrades/speed_upgrade_1": {
    "criteria": {
      "money": "2024-08-20 20:12:10 +0000"
    },
    "done": true
  },
  "lightmanscurrency:recipes/misc/upgrades/speed_upgrade_2": {
    "criteria": {
      "money": "2024-08-20 20:12:10 +0000"
    },
    "done": true
  },
  "lightmanscurrency:recipes/misc/upgrades/speed_upgrade_3": {
    "criteria": {
      "money": "2024-08-20 20:12:10 +0000"
    },
    "done": true
  },
  "lightmanscurrency:recipes/misc/upgrades/speed_upgrade_4": {
    "criteria": {
      "money": "2024-08-20 20:12:10 +0000"
    },
    "done": true
  },
  "lightmanscurrency:recipes/misc/upgrades/speed_upgrade_5": {
    "criteria": {
      "money": "2024-08-20 20:12:10 +0000"
    },
    "done": true
  },
  "lightmanscurrency:recipes/misc/traders/freezer/lime": {
    "criteria": {
      "money": "2024-08-20 20:12:10 +0000"
    },
    "done": true
  },
  "lightmanscurrency:recipes/misc/traders/card_display/oak/purple": {
    "criteria": {
      "money": "2024-08-20 20:12:10 +0000"
    },
    "done": true
  },
  "lightmanscurrency:recipes/misc/traders/card_display/bamboo/lime": {
    "criteria": {
      "money": "2024-08-20 20:12:10 +0000"
    },
    "done": true
  },
  "lightmanscurrency:recipes/misc/traders/shelf/dark_oak": {
    "criteria": {
      "money": "2024-08-20 20:12:10 +0000"
    },
    "done": true
  },
  "lightmanscurrency:recipes/misc/traders/card_display/crimson/pink": {
    "criteria": {
      "money": "2024-08-20 20:12:10 +0000"
    },
    "done": true
  },
  "lightmanscurrency:recipes/misc/traders/bookshelf/oak": {
    "criteria": {
      "money": "2024-08-20 20:12:10 +0000"
    },
    "done": true
  },
  "lightmanscurrency:recipes/misc/wallet/upgrade_wallet_copper_to_wallet_netherite": {
    "criteria": {
      "coin": "2024-08-20 20:12:10 +0000"
    },
    "done": true
  },
  "lightmanscurrency:recipes/misc/traders/bookshelf/mangrove": {
    "criteria": {
      "money": "2024-08-20 20:12:10 +0000"
    },
    "done": true
  },
  "lightmanscurrency:recipes/misc/traders/card_display/acacia/pink": {
    "criteria": {
      "money": "2024-08-20 20:12:10 +0000"
    },
    "done": true
  },
  "lightmanscurrency:recipes/misc/traders/card_display/jungle/light_blue": {
    "criteria": {
      "money": "2024-08-20 20:12:10 +0000"
    },
    "done": true
  },
  "lightmanscurrency:recipes/misc/traders/card_display/mangrove/pink": {
    "criteria": {
      "money": "2024-08-20 20:12:10 +0000"
    },
    "done": true
  },
  "lightmanscurrency:recipes/misc/traders/card_display/warped/blue": {
    "criteria": {
      "money": "2024-08-20 20:12:10 +0000"
    },
    "done": true
  },
  "lightmanscurrency:recipes/misc/traders/card_display/bamboo/blue": {
    "criteria": {
      "money": "2024-08-20 20:12:10 +0000"
    },
    "done": true
  },
  "lightmanscurrency:recipes/misc/traders/vending_machine/dye_red": {
    "criteria": {
      "money": "2024-08-20 20:12:10 +0000"
    },
    "done": true
  },
  "lightmanscurrency:recipes/misc/traders/shelf/acacia": {
    "criteria": {
      "money": "2024-08-20 20:12:10 +0000"
    },
    "done": true
  },
  "lightmanscurrency:recipes/misc/traders/card_display/cherry/green": {
    "criteria": {
      "money": "2024-08-20 20:12:10 +0000"
    },
    "done": true
  },
  "lightmanscurrency:recipes/misc/traders/card_display/crimson/orange": {
    "criteria": {
      "money": "2024-08-20 20:12:10 +0000"
    },
    "done": true
  },
  "lightmanscurrency:recipes/misc/traders/card_display/acacia/purple": {
    "criteria": {
      "money": "2024-08-20 20:12:10 +0000"
    },
    "done": true
  },
  "lightmanscurrency:recipes/misc/wallet/upgrade_wallet_gold_to_wallet_emerald": {
    "criteria": {
      "coin": "2024-08-20 20:12:10 +0000"
    },
    "done": true
  },
  "lightmanscurrency:recipes/misc/traders/card_display/jungle/magenta": {
    "criteria": {
      "money": "2024-08-20 20:12:10 +0000"
    },
    "done": true
  },
  "lightmanscurrency:recipes/misc/traders/freezer/cyan": {
    "criteria": {
      "money": "2024-08-20 20:12:10 +0000"
    },
    "done": true
  },
  "lightmanscurrency:recipes/misc/traders/large_vending_machine/dye_cyan": {
    "criteria": {
      "money": "2024-08-20 20:12:10 +0000"
    },
    "done": true
  },
  "lightmanscurrency:recipes/misc/atm_swap": {
    "criteria": {
      "money": "2024-08-20 20:12:10 +0000"
    },
    "done": true
  },
  "lightmanscurrency:recipes/misc/tax_block": {
    "criteria": {
      "money": "2024-08-20 20:12:10 +0000"
    },
    "done": true
  },
  "lightmanscurrency:recipes/misc/traders/card_display/spruce/red": {
    "criteria": {
      "money": "2024-08-20 20:12:10 +0000"
    },
    "done": true
  },
  "lightmanscurrency:recipes/misc/upgrades/offer_upgrade_6": {
    "criteria": {
      "money": "2024-08-20 20:12:10 +0000"
    },
    "done": true
  },
  "lightmanscurrency:recipes/misc/upgrades/offer_upgrade_5": {
    "criteria": {
      "money": "2024-08-20 20:12:10 +0000"
    },
    "done": true
  },
  "lightmanscurrency:recipes/misc/upgrades/offer_upgrade_2": {
    "criteria": {
      "money": "2024-08-20 20:12:10 +0000"
    },
    "done": true
  },
  "lightmanscurrency:recipes/misc/upgrades/offer_upgrade_1": {
    "criteria": {
      "money": "2024-08-20 20:12:10 +0000"
    },
    "done": true
  },
  "lightmanscurrency:recipes/misc/upgrades/offer_upgrade_4": {
    "criteria": {
      "money": "2024-08-20 20:12:10 +0000"
    },
    "done": true
  },
  "lightmanscurrency:recipes/misc/upgrades/offer_upgrade_3": {
    "criteria": {
      "money": "2024-08-20 20:12:10 +0000"
    },
    "done": true
  },
  "lightmanscurrency:recipes/misc/traders/card_display/acacia/magenta": {
    "criteria": {
      "money": "2024-08-20 20:12:10 +0000"
    },
    "done": true
  },
  "lightmanscurrency:recipes/misc/traders/large_vending_machine/dye_black": {
    "criteria": {
      "money": "2024-08-20 20:12:10 +0000"
    },
    "done": true
  },
  "lightmanscurrency:recipes/misc/traders/card_display/mangrove/orange": {
    "criteria": {
      "money": "2024-08-20 20:12:10 +0000"
    },
    "done": true
  },
  "lightmanscurrency:recipes/misc/traders/card_display/warped/brown": {
    "criteria": {
      "money": "2024-08-20 20:12:10 +0000"
    },
    "done": true
  },
  "lightmanscurrency:recipes/misc/traders/card_display/jungle/blue": {
    "criteria": {
      "money": "2024-08-20 20:12:10 +0000"
    },
    "done": true
  },
  "lightmanscurrency:recipes/misc/traders/large_vending_machine/dye_yellow": {
    "criteria": {
      "money": "2024-08-20 20:12:10 +0000"
    },
    "done": true
  },
  "lightmanscurrency:recipes/misc/traders/card_display/bamboo/green": {
    "criteria": {
      "money": "2024-08-20 20:12:10 +0000"
    },
    "done": true
  },
  "lightmanscurrency:recipes/misc/traders/display_case": {
    "criteria": {
      "money": "2024-08-20 20:12:10 +0000"
    },
    "done": true
  },
  "lightmanscurrency:recipes/misc/auction_stand/bamboo": {
    "criteria": {
      "money": "2024-08-20 20:12:10 +0000"
    },
    "done": true
  },
  "lightmanscurrency:recipes/misc/coins/coin_copper_from_pile": {
    "criteria": {
      "money": "2024-08-20 20:12:10 +0000"
    },
    "done": true
  },
  "lightmanscurrency:recipes/misc/coins/coinpile_emerald_from_coin": {
    "criteria": {
      "money": "2024-08-20 20:12:10 +0000"
    },
    "done": true
  },
  "lightmanscurrency:recipes/misc/coins/coinpile_gold_from_coin": {
    "criteria": {
      "money": "2024-08-20 20:12:10 +0000"
    },
    "done": true
  },
  "lightmanscurrency:recipes/misc/coins/coin_diamond_from_pile": {
    "criteria": {
      "money": "2024-08-20 20:12:10 +0000"
    },
    "done": true
  },
  "lightmanscurrency:recipes/misc/portable_atm_swap": {
    "criteria": {
      "money": "2024-08-20 20:12:10 +0000"
    },
    "done": true
  },
  "lightmanscurrency:recipes/misc/traders/card_display/bamboo/black": {
    "criteria": {
      "money": "2024-08-20 20:12:10 +0000"
    },
    "done": true
  },
  "lightmanscurrency:recipes/misc/traders/card_display/cherry/blue": {
    "criteria": {
      "money": "2024-08-20 20:12:10 +0000"
    },
    "done": true
  },
  "lightmanscurrency:recipes/misc/coins/coinpile_diamond_from_block": {
    "criteria": {
      "money": "2024-08-20 20:12:10 +0000"
    },
    "done": true
  },
  "lightmanscurrency:recipes/misc/traders/bookshelf/acacia": {
    "criteria": {
      "money": "2024-08-20 20:12:10 +0000"
    },
    "done": true
  },
  "lightmanscurrency:recipes/misc/wallet/upgrade_wallet_diamond_to_wallet_netherite": {
    "criteria": {
      "coin": "2024-08-20 20:12:10 +0000"
    },
    "done": true
  },
  "lightmanscurrency:recipes/misc/traders/card_display/acacia/cyan": {
    "criteria": {
      "money": "2024-08-20 20:12:10 +0000"
    },
    "done": true
  },
  "lightmanscurrency:recipes/misc/auction_stand/crimson": {
    "criteria": {
      "money": "2024-08-20 20:12:10 +0000"
    },
    "done": true
  },
  "lightmanscurrency:recipes/misc/traders/card_display/mangrove/cyan": {
    "criteria": {
      "money": "2024-08-20 20:12:10 +0000"
    },
    "done": true
  },
  "lightmanscurrency:recipes/misc/traders/card_display/bamboo/red": {
    "criteria": {
      "money": "2024-08-20 20:12:10 +0000"
    },
    "done": true
  },
  "lightmanscurrency:recipes/misc/wallet/wallet_emerald": {
    "criteria": {
      "coin": "2024-08-20 20:12:10 +0000"
    },
    "done": true
  },
  "lightmanscurrency:recipes/misc/traders/card_display/spruce/gray": {
    "criteria": {
      "money": "2024-08-20 20:12:10 +0000"
    },
    "done": true
  },
  "lightmanscurrency:recipes/coin_mint/coin_mint/melt_coin_diamond": {
    "criteria": {
      "money": "2024-08-20 20:12:10 +0000"
    },
    "done": true
  },
  "lightmanscurrency:recipes/misc/traders/card_display/dark_oak/red": {
    "criteria": {
      "money": "2024-08-20 20:12:10 +0000"
    },
    "done": true
  },
  "lightmanscurrency:recipes/misc/traders/card_display/cherry/lime": {
    "criteria": {
      "money": "2024-08-20 20:12:10 +0000"
    },
    "done": true
  },
  "lightmanscurrency:recipes/misc/traders/shelf2/mangrove": {
    "criteria": {
      "money": "2024-08-20 20:12:10 +0000"
    },
    "done": true
  },
  "lightmanscurrency:recipes/misc/traders/vending_machine/dye_brown": {
    "criteria": {
      "money": "2024-08-20 20:12:10 +0000"
    },
    "done": true
  },
  "lightmanscurrency:recipes/misc/auction_stand/spruce": {
    "criteria": {
      "money": "2024-08-20 20:12:10 +0000"
    },
    "done": true
  },
  "lightmanscurrency:recipes/misc/traders/vending_machine/dye_pink": {
    "criteria": {
      "money": "2024-08-20 20:12:10 +0000"
    },
    "done": true
  },
  "lightmanscurrency:recipes/misc/traders/card_display/dark_oak/light_gray": {
    "criteria": {
      "money": "2024-08-20 20:12:10 +0000"
    },
    "done": true
  },
  "lightmanscurrency:recipes/misc/traders/card_display/mangrove/red": {
    "criteria": {
      "money": "2024-08-20 20:12:10 +0000"
    },
    "done": true
  },
  "lightmanscurrency:recipes/misc/wallet/wallet_diamond": {
    "criteria": {
      "coin": "2024-08-20 20:12:10 +0000"
    },
    "done": true
  },
  "lightmanscurrency:recipes/misc/traders/card_display/jungle/pink": {
    "criteria": {
      "money": "2024-08-20 20:12:10 +0000"
    },
    "done": true
  },
  "lightmanscurrency:recipes/misc/traders/freezer/pink": {
    "criteria": {
      "money": "2024-08-20 20:12:10 +0000"
    },
    "done": true
  },
  "lightmanscurrency:recipes/misc/traders/large_vending_machine/dye_green": {
    "criteria": {
      "money": "2024-08-20 20:12:10 +0000"
    },
    "done": true
  },
  "lightmanscurrency:recipes/misc/traders/card_display/crimson/magenta": {
    "criteria": {
      "money": "2024-08-20 20:12:10 +0000"
    },
    "done": true
  },
  "lightmanscurrency:recipes/decorations/coin_jar/blue": {
    "criteria": {
      "money": "2024-08-20 20:12:10 +0000"
    },
    "done": true
  },
  "lightmanscurrency:recipes/misc/traders/large_vending_machine/dye_purple": {
    "criteria": {
      "money": "2024-08-20 20:12:10 +0000"
    },
    "done": true
  },
  "lightmanscurrency:recipes/misc/traders/card_display/dark_oak/brown": {
    "criteria": {
      "money": "2024-08-20 20:12:10 +0000"
    },
    "done": true
  },
  "lightmanscurrency:recipes/misc/traders/freezer/light_gray": {
    "criteria": {
      "money": "2024-08-20 20:12:10 +0000"
    },
    "done": true
  },
  "lightmanscurrency:recipes/misc/traders/card_display/bamboo/gray": {
    "criteria": {
      "money": "2024-08-20 20:12:10 +0000"
    },
    "done": true
  },
  "lightmanscurrency:recipes/misc/traders/card_display/cherry/white": {
    "criteria": {
      "money": "2024-08-20 20:12:10 +0000"
    },
    "done": true
  },
  "lightmanscurrency:recipes/misc/traders/shelf/oak": {
    "criteria": {
      "money": "2024-08-20 20:12:10 +0000"
    },
    "done": true
  },
  "lightmanscurrency:recipes/misc/traders/card_display/dark_oak/black": {
    "criteria": {
      "money": "2024-08-20 20:12:10 +0000"
    },
    "done": true
  },
  "lightmanscurrency:recipes/misc/traders/card_display/oak/gray": {
    "criteria": {
      "money": "2024-08-20 20:12:10 +0000"
    },
    "done": true
  },
  "lightmanscurrency:recipes/misc/traders/large_vending_machine/dye_light_gray": {
    "criteria": {
      "money": "2024-08-20 20:12:10 +0000"
    },
    "done": true
  },
  "lightmanscurrency:recipes/misc/traders/card_display/acacia/red": {
    "criteria": {
      "money": "2024-08-20 20:12:10 +0000"
    },
    "done": true
  },
  "lightmanscurrency:recipes/misc/wallet/wallet_copper": {
    "criteria": {
      "coin": "2024-08-20 20:12:10 +0000"
    },
    "done": true
  },
  "lightmanscurrency:recipes/misc/traders/card_display/birch/yellow": {
    "criteria": {
      "money": "2024-08-20 20:12:10 +0000"
    },
    "done": true
  },
  "lightmanscurrency:recipes/misc/traders/card_display/acacia/yellow": {
    "criteria": {
      "money": "2024-08-20 20:12:10 +0000"
    },
    "done": true
  },
  "lightmanscurrency:recipes/misc/traders/large_vending_machine/dye_pink": {
    "criteria": {
      "money": "2024-08-20 20:12:10 +0000"
    },
    "done": true
  },
  "lightmanscurrency:recipes/misc/traders/large_vending_machine/dye_orange": {
    "criteria": {
      "money": "2024-08-20 20:12:10 +0000"
    },
    "done": true
  },
  "lightmanscurrency:recipes/misc/traders/ticket_kiosk": {
    "criteria": {
      "money": "2024-08-20 20:12:10 +0000"
    },
    "done": true
  },
  "lightmanscurrency:recipes/misc/traders/freezer/red": {
    "criteria": {
      "money": "2024-08-20 20:12:10 +0000"
    },
    "done": true
  },
  "lightmanscurrency:recipes/misc/traders/card_display/oak/magenta": {
    "criteria": {
      "money": "2024-08-20 20:12:10 +0000"
    },
    "done": true
  },
  "lightmanscurrency:recipes/misc/gem_terminal": {
    "criteria": {
      "money": "2024-08-20 20:12:10 +0000"
    },
    "done": true
  },
  "lightmanscurrency:recipes/misc/traders/bookshelf/crimson": {
    "criteria": {
      "money": "2024-08-20 20:12:10 +0000"
    },
    "done": true
  },
  "lightmanscurrency:recipes/misc/traders/card_display/birch/lime": {
    "criteria": {
      "money": "2024-08-20 20:12:10 +0000"
    },
    "done": true
  },
  "lightmanscurrency:recipes/misc/traders/vending_machine/dye_light_gray": {
    "criteria": {
      "money": "2024-08-20 20:12:10 +0000"
    },
    "done": true
  },
  "lightmanscurrency:recipes/misc/traders/card_display/spruce/light_gray": {
    "criteria": {
      "money": "2024-08-20 20:12:10 +0000"
    },
    "done": true
  },
  "lightmanscurrency:recipes/misc/traders/card_display/crimson/red": {
    "criteria": {
      "money": "2024-08-20 20:12:10 +0000"
    },
    "done": true
  },
  "lightmanscurrency:recipes/misc/traders/card_display/cherry/yellow": {
    "criteria": {
      "money": "2024-08-20 20:12:10 +0000"
    },
    "done": true
  },
  "lightmanscurrency:recipes/misc/traders/large_vending_machine/dye_blue": {
    "criteria": {
      "money": "2024-08-20 20:12:10 +0000"
    },
    "done": true
  },
  "lightmanscurrency:recipes/decorations/coin_jar/piggy_bank": {
    "criteria": {
      "money": "2024-08-20 20:12:10 +0000"
    },
    "done": true
  },
  "lightmanscurrency:recipes/misc/traders/large_vending_machine/dye_brown": {
    "criteria": {
      "money": "2024-08-20 20:12:10 +0000"
    },
    "done": true
  },
  "lightmanscurrency:recipes/misc/traders/vending_machine/dye_lime": {
    "criteria": {
      "money": "2024-08-20 20:12:10 +0000"
    },
    "done": true
  },
  "lightmanscurrency:recipes/misc/wallet/upgrade_wallet_gold_to_wallet_diamond": {
    "criteria": {
      "coin": "2024-08-20 20:12:10 +0000"
    },
    "done": true
  },
  "lightmanscurrency:recipes/misc/wallet/upgrade_wallet_gold_to_wallet_netherite": {
    "criteria": {
      "coin": "2024-08-20 20:12:10 +0000"
    },
    "done": true
  },
  "lightmanscurrency:recipes/misc/upgrades/item_capacity_upgrade_3": {
    "criteria": {
      "money": "2024-08-20 20:12:10 +0000"
    },
    "done": true
  },
  "lightmanscurrency:recipes/misc/upgrades/item_capacity_upgrade_4": {
    "criteria": {
      "money": "2024-08-20 20:12:10 +0000"
    },
    "done": true
  },
  "lightmanscurrency:recipes/misc/upgrades/item_capacity_upgrade_1": {
    "criteria": {
      "money": "2024-08-20 20:12:10 +0000"
    },
    "done": true
  },
  "lightmanscurrency:recipes/misc/upgrades/item_capacity_upgrade_2": {
    "criteria": {
      "money": "2024-08-20 20:12:10 +0000"
    },
    "done": true
  },
  "lightmanscurrency:recipes/misc/coinmint": {
    "criteria": {
      "money": "2024-08-20 20:12:10 +0000"
    },
    "done": true
  },
  "lightmanscurrency:recipes/misc/upgrades/create_template": {
    "criteria": {
      "money": "2024-08-20 20:12:10 +0000"
    },
    "done": true
  },
  "lightmanscurrency:recipes/coin_mint/coin_mint/mint_coin_diamond": {
    "criteria": {
      "money": "2024-08-20 20:12:10 +0000"
    },
    "done": true
  },
  "lightmanscurrency:recipes/misc/auction_stand/oak": {
    "criteria": {
      "money": "2024-08-20 20:12:10 +0000"
    },
    "done": true
  },
  "lightmanscurrency:recipes/misc/traders/shelf2/warped": {
    "criteria": {
      "money": "2024-08-20 20:12:10 +0000"
    },
    "done": true
  },
  "lightmanscurrency:recipes/misc/traders/vending_machine/dye_blue": {
    "criteria": {
      "money": "2024-08-20 20:12:10 +0000"
    },
    "done": true
  },
  "lightmanscurrency:recipes/misc/traders/card_display/dark_oak/gray": {
    "criteria": {
      "money": "2024-08-20 20:12:10 +0000"
    },
    "done": true
  },
  "lightmanscurrency:recipes/misc/traders/card_display/crimson/light_gray": {
    "criteria": {
      "money": "2024-08-20 20:12:10 +0000"
    },
    "done": true
  },
  "lightmanscurrency:recipes/misc/traders/card_display/acacia/orange": {
    "criteria": {
      "money": "2024-08-20 20:12:10 +0000"
    },
    "done": true
  },
  "lightmanscurrency:recipes/misc/traders/card_display/mangrove/purple": {
    "criteria": {
      "money": "2024-08-20 20:12:10 +0000"
    },
    "done": true
  },
  "lightmanscurrency:currency/myfirstpenny": {
    "criteria": {
      "coin": "2024-08-20 20:12:10 +0000"
    },
    "done": true
  },
  "lightmanscurrency:recipes/misc/gem_terminal_swap": {
    "criteria": {
      "money": "2024-08-20 20:12:10 +0000"
    },
    "done": true
  },
  "lightmanscurrency:recipes/misc/wallet/wallet_gold": {
    "criteria": {
      "coin": "2024-08-20 20:12:10 +0000"
    },
    "done": true
  },
  "lightmanscurrency:recipes/misc/traders/card_display/mangrove/brown": {
    "criteria": {
      "money": "2024-08-20 20:12:10 +0000"
    },
    "done": true
  },
  "lightmanscurrency:recipes/misc/traders/card_display/crimson/brown": {
    "criteria": {
      "money": "2024-08-20 20:12:10 +0000"
    },
    "done": true
  },
  "lightmanscurrency:recipes/misc/wallet/upgrade_wallet_iron_to_wallet_gold": {
    "criteria": {
      "coin": "2024-08-20 20:12:10 +0000"
    },
    "done": true
  },
  "lightmanscurrency:recipes/misc/coins/coinblock_iron_from_pile": {
    "criteria": {
      "money": "2024-08-20 20:12:10 +0000"
    },
    "done": true
  },
  "lightmanscurrency:recipes/misc/traders/card_display/dark_oak/green": {
    "criteria": {
      "money": "2024-08-20 20:12:10 +0000"
    },
    "done": true
  },
  "lightmanscurrency:recipes/misc/traders/card_display/jungle/lime": {
    "criteria": {
      "money": "2024-08-20 20:12:10 +0000"
    },
    "done": true
  },
  "lightmanscurrency:recipes/misc/traders/card_display/oak/blue": {
    "criteria": {
      "money": "2024-08-20 20:12:10 +0000"
    },
    "done": true
  },
  "lightmanscurrency:recipes/misc/item_trader_interface": {
    "criteria": {
      "money": "2024-08-20 20:12:10 +0000"
    },
    "done": true
  },
  "lightmanscurrency:recipes/misc/traders/card_display/birch/magenta": {
    "criteria": {
      "money": "2024-08-20 20:12:10 +0000"
    },
    "done": true
  },
  "lightmanscurrency:recipes/misc/network/item_network_trader_2": {
    "criteria": {
      "money": "2024-08-20 20:12:10 +0000"
    },
    "done": true
  },
  "lightmanscurrency:recipes/misc/network/item_network_trader_3": {
    "criteria": {
      "money": "2024-08-20 20:12:10 +0000"
    },
    "done": true
  },
  "lightmanscurrency:recipes/misc/network/item_network_trader_4": {
    "criteria": {
      "money": "2024-08-20 20:12:10 +0000"
    },
    "done": true
  },
  "lightmanscurrency:recipes/misc/network/item_network_trader_1": {
    "criteria": {
      "money": "2024-08-20 20:12:10 +0000"
    },
    "done": true
  },
  "lightmanscurrency:recipes/misc/traders/card_display/oak/red": {
    "criteria": {
      "money": "2024-08-20 20:12:10 +0000"
    },
    "done": true
  },
  "lightmanscurrency:recipes/misc/traders/card_display/warped/magenta": {
    "criteria": {
      "money": "2024-08-20 20:12:10 +0000"
    },
    "done": true
  },
  "lightmanscurrency:recipes/misc/traders/bookshelf/dark_oak": {
    "criteria": {
      "money": "2024-08-20 20:12:10 +0000"
    },
    "done": true
  },
  "lightmanscurrency:recipes/coin_mint/coin_mint/mint_coin_emerald": {
    "criteria": {
      "money": "2024-08-20 20:12:10 +0000"
    },
    "done": true
  },
  "lightmanscurrency:recipes/misc/traders/card_display/birch/orange": {
    "criteria": {
      "money": "2024-08-20 20:12:10 +0000"
    },
    "done": true
  },
  "lightmanscurrency:recipes/misc/traders/card_display/acacia/light_gray": {
    "criteria": {
      "money": "2024-08-20 20:12:10 +0000"
    },
    "done": true
  },
  "lightmanscurrency:recipes/misc/traders/vending_machine/dye_green": {
    "criteria": {
      "money": "2024-08-20 20:12:10 +0000"
    },
    "done": true
  },
  "lightmanscurrency:recipes/misc/traders/card_display/bamboo/purple": {
    "criteria": {
      "money": "2024-08-20 20:12:10 +0000"
    },
    "done": true
  },
  "lightmanscurrency:recipes/misc/upgrades/coin_chest_bank_upgrade": {
    "criteria": {
      "money": "2024-08-20 20:12:10 +0000"
    },
    "done": true
  },
  "lightmanscurrency:recipes/misc/traders/card_display/acacia/white": {
    "criteria": {
      "money": "2024-08-20 20:12:10 +0000"
    },
    "done": true
  },
  "lightmanscurrency:recipes/misc/wallet/upgrade_wallet_emerald_to_wallet_netherite": {
    "criteria": {
      "coin": "2024-08-20 20:12:10 +0000"
    },
    "done": true
  },
  "lightmanscurrency:recipes/misc/auction_stand/jungle": {
    "criteria": {
      "money": "2024-08-20 20:12:10 +0000"
    },
    "done": true
  },
  "lightmanscurrency:recipes/misc/traders/card_display/crimson/black": {
    "criteria": {
      "money": "2024-08-20 20:12:10 +0000"
    },
    "done": true
  },
  "lightmanscurrency:recipes/misc/traders/card_display/mangrove/black": {
    "criteria": {
      "money": "2024-08-20 20:12:10 +0000"
    },
    "done": true
  },
  "lightmanscurrency:recipes/misc/traders/card_display/birch/pink": {
    "criteria": {
      "money": "2024-08-20 20:12:10 +0000"
    },
    "done": true
  },
  "lightmanscurrency:recipes/misc/traders/card_display/spruce/light_blue": {
    "criteria": {
      "money": "2024-08-20 20:12:10 +0000"
    },
    "done": true
  },
  "lightmanscurrency:recipes/misc/traders/card_display/oak/light_blue": {
    "criteria": {
      "money": "2024-08-20 20:12:10 +0000"
    },
    "done": true
  },
  "lightmanscurrency:recipes/misc/coins/coinpile_diamond_from_coin": {
    "criteria": {
      "money": "2024-08-20 20:12:10 +0000"
    },
    "done": true
  },
  "lightmanscurrency:recipes/decorations/coin_jar/sus_jar": {
    "criteria": {
      "money": "2024-08-20 20:12:10 +0000"
    },
    "done": true
  },
  "lightmanscurrency:recipes/misc/traders/card_display/mangrove/green": {
    "criteria": {
      "money": "2024-08-20 20:12:10 +0000"
    },
    "done": true
  },
  "lightmanscurrency:recipes/misc/traders/card_display/birch/blue": {
    "criteria": {
      "money": "2024-08-20 20:12:10 +0000"
    },
    "done": true
  },
  "lightmanscurrency:recipes/misc/traders/card_display/spruce/magenta": {
    "criteria": {
      "money": "2024-08-20 20:12:10 +0000"
    },
    "done": true
  },
  "lightmanscurrency:recipes/misc/coins/coinblock_gold_from_pile": {
    "criteria": {
      "money": "2024-08-20 20:12:10 +0000"
    },
    "done": true
  },
  "lightmanscurrency:recipes/misc/traders/card_display/cherry/orange": {
    "criteria": {
      "money": "2024-08-20 20:12:10 +0000"
    },
    "done": true
  },
  "lightmanscurrency:recipes/misc/traders/card_display/cherry/purple": {
    "criteria": {
      "money": "2024-08-20 20:12:10 +0000"
    },
    "done": true
  },
  "lightmanscurrency:recipes/misc/traders/shelf/spruce": {
    "criteria": {
      "money": "2024-08-20 20:12:10 +0000"
    },
    "done": true
  },
  "lightmanscurrency:recipes/misc/traders/card_display/warped/orange": {
    "criteria": {
      "money": "2024-08-20 20:12:10 +0000"
    },
    "done": true
  },
  "lightmanscurrency:recipes/misc/traders/card_display/oak/pink": {
    "criteria": {
      "money": "2024-08-20 20:12:10 +0000"
    },
    "done": true
  },
  "lightmanscurrency:recipes/misc/auction_stand/dark_oak": {
    "criteria": {
      "money": "2024-08-20 20:12:10 +0000"
    },
    "done": true
  },
  "lightmanscurrency:recipes/misc/traders/card_display/warped/gray": {
    "criteria": {
      "money": "2024-08-20 20:12:10 +0000"
    },
    "done": true
  },
  "lightmanscurrency:recipes/misc/traders/card_display/jungle/orange": {
    "criteria": {
      "money": "2024-08-20 20:12:10 +0000"
    },
    "done": true
  },
  "lightmanscurrency:recipes/misc/traders/card_display/spruce/brown": {
    "criteria": {
      "money": "2024-08-20 20:12:10 +0000"
    },
    "done": true
  },
  "lightmanscurrency:recipes/misc/traders/card_display/bamboo/light_blue": {
    "criteria": {
      "money": "2024-08-20 20:12:10 +0000"
    },
    "done": true
  },
  "lightmanscurrency:recipes/misc/coins/coinpile_copper_from_coin": {
    "criteria": {
      "money": "2024-08-20 20:12:10 +0000"
    },
    "done": true
  },
  "lightmanscurrency:recipes/misc/traders/freezer/orange": {
    "criteria": {
      "money": "2024-08-20 20:12:10 +0000"
    },
    "done": true
  },
  "lightmanscurrency:recipes/misc/traders/card_display/jungle/white": {
    "criteria": {
      "money": "2024-08-20 20:12:10 +0000"
    },
    "done": true
  },
  "lightmanscurrency:recipes/misc/portable_terminal_swap": {
    "criteria": {
      "money": "2024-08-20 20:12:10 +0000"
    },
    "done": true
  },
  "lightmanscurrency:recipes/misc/traders/card_display/jungle/light_gray": {
    "criteria": {
      "money": "2024-08-20 20:12:10 +0000"
    },
    "done": true
  },
  "lightmanscurrency:recipes/misc/ticket_station": {
    "criteria": {
      "money": "2024-08-20 20:12:10 +0000"
    },
    "done": true
  },
  "lightmanscurrency:recipes/misc/traders/shelf/mangrove": {
    "criteria": {
      "money": "2024-08-20 20:12:10 +0000"
    },
    "done": true
  },
  "lightmanscurrency:recipes/misc/traders/card_display/cherry/cyan": {
    "criteria": {
      "money": "2024-08-20 20:12:10 +0000"
    },
    "done": true
  },
  "lightmanscurrency:recipes/misc/traders/card_display/cherry/red": {
    "criteria": {
      "money": "2024-08-20 20:12:10 +0000"
    },
    "done": true
  },
  "lightmanscurrency:recipes/misc/traders/bookshelf/cherry": {
    "criteria": {
      "money": "2024-08-20 20:12:10 +0000"
    },
    "done": true
  },
  "lightmanscurrency:recipes/misc/coin_chest": {
    "criteria": {
      "money": "2024-08-20 20:12:10 +0000"
    },
    "done": true
  },
  "lightmanscurrency:recipes/misc/traders/card_display/birch/cyan": {
    "criteria": {
      "money": "2024-08-20 20:12:10 +0000"
    },
    "done": true
  },
  "lightmanscurrency:recipes/misc/wallet/wallet_iron": {
    "criteria": {
      "coin": "2024-08-20 20:12:10 +0000"
    },
    "done": true
  },
  "lightmanscurrency:recipes/misc/wallet/wallet_netherite": {
    "criteria": {
      "coin": "2024-08-20 20:12:10 +0000"
    },
    "done": true
  },
  "lightmanscurrency:recipes/misc/traders/card_display/jungle/gray": {
    "criteria": {
      "money": "2024-08-20 20:12:10 +0000"
    },
    "done": true
  },
  "lightmanscurrency:recipes/misc/traders/card_display/crimson/gray": {
    "criteria": {
      "money": "2024-08-20 20:12:10 +0000"
    },
    "done": true
  },
  "lightmanscurrency:recipes/misc/traders/card_display/bamboo/brown": {
    "criteria": {
      "money": "2024-08-20 20:12:10 +0000"
    },
    "done": true
  },
  "lightmanscurrency:recipes/misc/traders/card_display/oak/white": {
    "criteria": {
      "money": "2024-08-20 20:12:10 +0000"
    },
    "done": true
  },
  "lightmanscurrency:recipes/misc/traders/vending_machine_large": {
    "criteria": {
      "money": "2024-08-20 20:12:10 +0000"
    },
    "done": true
  },
  "lightmanscurrency:recipes/misc/coins/coinpile_netherite_from_block": {
    "criteria": {
      "money": "2024-08-20 20:12:10 +0000"
    },
    "done": true
  },
  "lightmanscurrency:recipes/misc/traders/card_display/mangrove/gray": {
    "criteria": {
      "money": "2024-08-20 20:12:10 +0000"
    },
    "done": true
  },
  "lightmanscurrency:recipes/misc/traders/card_display/cherry/light_gray": {
    "criteria": {
      "money": "2024-08-20 20:12:10 +0000"
    },
    "done": true
  },
  "lightmanscurrency:recipes/misc/traders/freezer/yellow": {
    "criteria": {
      "money": "2024-08-20 20:12:10 +0000"
    },
    "done": true
  },
  "lightmanscurrency:recipes/misc/wallet/upgrade_wallet_copper_to_wallet_gold": {
    "criteria": {
      "coin": "2024-08-20 20:12:10 +0000"
    },
    "done": true
  },
  "lightmanscurrency:recipes/misc/traders/card_display/dark_oak/yellow": {
    "criteria": {
      "money": "2024-08-20 20:12:10 +0000"
    },
    "done": true
  },
  "lightmanscurrency:recipes/misc/wallet/upgrade_wallet_copper_to_wallet_diamond": {
    "criteria": {
      "coin": "2024-08-20 20:12:10 +0000"
    },
    "done": true
  },
  "lightmanscurrency:recipes/misc/auction_stand/warped": {
    "criteria": {
      "money": "2024-08-20 20:12:10 +0000"
    },
    "done": true
  },
  "lightmanscurrency:recipes/misc/coins/coin_gold_from_pile": {
    "criteria": {
      "money": "2024-08-20 20:12:10 +0000"
    },
    "done": true
  },
  "lightmanscurrency:recipes/misc/traders/card_display/mangrove/light_blue": {
    "criteria": {
      "money": "2024-08-20 20:12:10 +0000"
    },
    "done": true
  },
  "lightmanscurrency:recipes/misc/upgrades/network_upgrade": {
    "criteria": {
      "money": "2024-08-20 20:12:10 +0000"
    },
    "done": true
  },
  "lightmanscurrency:recipes/misc/auction_stand/acacia": {
    "criteria": {
      "money": "2024-08-20 20:12:10 +0000"
    },
    "done": true
  },
  "lightmanscurrency:recipes/misc/traders/card_display/cherry/magenta": {
    "criteria": {
      "money": "2024-08-20 20:12:10 +0000"
    },
    "done": true
  },
  "lightmanscurrency:recipes/misc/traders/card_display/bamboo/magenta": {
    "criteria": {
      "money": "2024-08-20 20:12:10 +0000"
    },
    "done": true
  },
  "lightmanscurrency:recipes/misc/terminal": {
    "criteria": {
      "money": "2024-08-20 20:12:10 +0000"
    },
    "done": true
  },
  "lightmanscurrency:recipes/misc/traders/vending_machine/dye_black": {
    "criteria": {
      "money": "2024-08-20 20:12:10 +0000"
    },
    "done": true
  },
  "lightmanscurrency:recipes/misc/traders/card_display/oak/lime": {
    "criteria": {
      "money": "2024-08-20 20:12:10 +0000"
    },
    "done": true
  },
  "lightmanscurrency:recipes/misc/traders/freezer/white": {
    "criteria": {
      "money": "2024-08-20 20:12:10 +0000"
    },
    "done": true
  },
  "lightmanscurrency:recipes/misc/traders/card_display/birch/purple": {
    "criteria": {
      "money": "2024-08-20 20:12:10 +0000"
    },
    "done": true
  },
  "lightmanscurrency:recipes/misc/traders/card_display/birch/light_gray": {
    "criteria": {
      "money": "2024-08-20 20:12:10 +0000"
    },
    "done": true
  },
  "lightmanscurrency:recipes/misc/traders/card_display/crimson/white": {
    "criteria": {
      "money": "2024-08-20 20:12:10 +0000"
    },
    "done": true
  },
  "lightmanscurrency:recipes/misc/coins/coinpile_gold_from_block": {
    "criteria": {
      "money": "2024-08-20 20:12:10 +0000"
    },
    "done": true
  },
  "lightmanscurrency:recipes/misc/upgrades/coin_chest_exchange_upgrade": {
    "criteria": {
      "money": "2024-08-20 20:12:10 +0000"
    },
    "done": true
  },
  "lightmanscurrency:recipes/coin_mint/coin_mint/mint_coin_copper": {
    "criteria": {
      "money": "2024-08-20 20:12:10 +0000"
    },
    "done": true
  },
  "lightmanscurrency:recipes/misc/traders/card_display/warped/yellow": {
    "criteria": {
      "money": "2024-08-20 20:12:10 +0000"
    },
    "done": true
  },
  "lightmanscurrency:recipes/misc/traders/card_display/cherry/pink": {
    "criteria": {
      "money": "2024-08-20 20:12:10 +0000"
    },
    "done": true
  },
  "lightmanscurrency:recipes/misc/traders/card_display/mangrove/white": {
    "criteria": {
      "money": "2024-08-20 20:12:10 +0000"
    },
    "done": true
  },
  "lightmanscurrency:recipes/misc/auction_stand/birch": {
    "criteria": {
      "money": "2024-08-20 20:12:10 +0000"
    },
    "done": true
  },
  "vinery:recipes/jungle_wine_rack_small": {
    "criteria": {
      "has_jungle_planks": "2024-08-20 20:12:38 +0000"
    },
    "done": true
  },
  "supplementaries:recipes/lock_block": {
    "criteria": {
      "minecraft:planks": "2024-08-20 20:12:38 +0000"
    },
    "done": true
  },
  "candlelight:recipes/jungle_cabinet": {
    "criteria": {
      "has_jungle_planks": "2024-08-20 20:12:38 +0000"
    },
    "done": true
  },
  "supplementaries:recipes/bed_from_feather_block": {
    "criteria": {
      "minecraft:planks": "2024-08-20 20:12:38 +0000"
    },
    "done": true
  },
  "minecraft:recipes/misc/stick": {
    "criteria": {
      "has_planks": "2024-08-20 20:12:38 +0000"
    },
    "done": true
  },
  "supplementaries:recipes/decorations/sign_post_jungle": {
    "criteria": {
      "has_planks": "2024-08-20 20:12:38 +0000"
    },
    "done": true
  },
  "supplementaries:recipes/speaker_block": {
    "criteria": {
      "minecraft:planks": "2024-08-20 20:12:38 +0000"
    },
    "done": true
  },
  "minecraft:recipes/redstone/jungle_button": {
    "criteria": {
      "has_planks": "2024-08-20 20:12:38 +0000"
    },
    "done": true
  },
  "vinery:recipes/jungle_wine_rack_big": {
    "criteria": {
      "has_jungle_planks": "2024-08-20 20:12:38 +0000"
    },
    "done": true
  },
  "candlelight:recipes/jungle_chair": {
    "criteria": {
      "has_jungle_planks": "2024-08-20 20:12:38 +0000"
    },
    "done": true
  },
  "minecraft:recipes/building_blocks/jungle_stairs": {
    "criteria": {
      "has_planks": "2024-08-20 20:12:38 +0000"
    },
    "done": true
  },
  "minecraft:recipes/redstone/jungle_fence_gate": {
    "criteria": {
      "has_planks": "2024-08-20 20:12:38 +0000"
    },
    "done": true
  },
  "candlelight:recipes/jungle_drawer": {
    "criteria": {
      "has_jungle_planks": "2024-08-20 20:12:38 +0000"
    },
    "done": true
  },
  "candlelight:recipes/jungle_shelf": {
    "criteria": {
      "has_jungle_planks": "2024-08-20 20:12:38 +0000"
    },
    "done": true
  },
  "supplementaries:recipes/notice_board": {
    "criteria": {
      "minecraft:planks": "2024-08-20 20:12:38 +0000"
    },
    "done": true
  },
  "supplementaries:recipes/sign_post_jungle": {
    "criteria": {
      "has_the_recipe": "2024-08-20 20:12:38 +0000"
    },
    "done": true
  },
  "minecraft:recipes/redstone/jungle_trapdoor": {
    "criteria": {
      "has_planks": "2024-08-20 20:12:38 +0000"
    },
    "done": true
  },
  "minecraft:recipes/decorations/jungle_sign": {
    "criteria": {
      "has_planks": "2024-08-20 20:12:38 +0000"
    },
    "done": true
  },
  "minecraft:recipes/redstone/jungle_door": {
    "criteria": {
      "has_planks": "2024-08-20 20:12:38 +0000"
    },
    "done": true
  },
  "supplementaries:recipes/turn_table": {
    "criteria": {
      "minecraft:planks": "2024-08-20 20:12:38 +0000"
    },
    "done": true
  },
  "minecraft:recipes/decorations/jungle_fence": {
    "criteria": {
      "has_planks": "2024-08-20 20:12:38 +0000"
    },
    "done": true
  },
  "supplementaries:recipes/clock_block": {
    "criteria": {
      "minecraft:planks": "2024-08-20 20:12:38 +0000"
    },
    "done": true
  },
  "minecraft:recipes/redstone/jungle_pressure_plate": {
    "criteria": {
      "has_planks": "2024-08-20 20:12:38 +0000"
    },
    "done": true
  },
  "candlelight:recipes/jungle_table": {
    "criteria": {
      "has_jungle_planks": "2024-08-20 20:12:38 +0000"
    },
    "done": true
  },
  "minecraft:recipes/decorations/barrel": {
    "criteria": {
      "has_planks": "2024-08-20 20:12:38 +0000"
    },
    "done": true
  },
  "supplementaries:recipes/pulley": {
    "criteria": {
      "minecraft:planks": "2024-08-20 20:12:38 +0000"
    },
    "done": true
  },
  "minecraft:recipes/building_blocks/jungle_slab": {
    "criteria": {
      "has_planks": "2024-08-20 20:12:38 +0000"
    },
    "done": true
  },
  "farmersdelight:recipes/building_blocks/straw_bale": {
    "criteria": {
      "has_straw": "2024-08-20 20:19:46 +0000"
    },
    "done": true
  },
  "farmersdelight:recipes/tools/lead_from_straw": {
    "criteria": {
      "has_straw": "2024-08-20 20:19:46 +0000"
    },
    "done": true
  },
  "farmersdelight:recipes/misc/canvas": {
    "criteria": {
      "has_straw": "2024-08-20 20:19:46 +0000"
    },
    "done": true
  },
  "farmersdelight:recipes/building_blocks/packed_mud_from_straw": {
    "criteria": {
      "has_straw": "2024-08-20 20:19:46 +0000"
    },
    "done": true
  },
  "farmersdelight:main/harvest_straw": {
    "criteria": {
      "harvest_straw": "2024-08-20 20:19:46 +0000"
    },
    "done": true
  },
  "supplementaries:recipes/daub": {
    "criteria": {
      "supplementaries:straw": "2024-08-20 20:19:46 +0000"
    },
    "done": true
  },
  "farmersdelight:recipes/decorations/rope": {
    "criteria": {
      "has_straw": "2024-08-20 20:19:46 +0000"
    },
    "done": true
  },
  "farmersdelight:recipes/building_blocks/organic_compost_from_tree_bark": {
    "criteria": {
      "has_straw": "2024-08-20 20:19:46 +0000"
    },
    "done": true
  },
  "bakery:recipes/oat_seeds": {
    "criteria": {
      "has_wheat_seeds": "2024-08-20 20:19:50 +0000"
    },
    "done": true
  },
  "minecraft:story/root": {
    "criteria": {
      "crafting_table": "2024-08-20 20:20:15 +0000"
    },
    "done": true
  },
  "farmersdelight:main/use_cutting_board": {
    "criteria": {
      "cutting_board": "2024-08-20 20:22:17 +0000"
    },
    "done": true
  },
  "minecraft:recipes/misc/brown_dye": {
    "criteria": {
      "has_cocoa_beans": "2024-08-20 20:23:49 +0000"
    },
    "done": true
  },
  "minecraft:recipes/food/cookie": {
    "criteria": {
      "has_cocoa": "2024-08-20 20:23:49 +0000"
    },
    "done": true
  },
  "farmersdelight:recipes/cooking/hot_cocoa": {
    "criteria": {
      "has_any_ingredient": "2024-08-20 20:23:49 +0000"
    },
    "done": true
  },
  "minecraft:recipes/building_blocks/coal_block": {
    "criteria": {
      "has_coal": "2024-08-20 21:18:00 +0000"
    },
    "done": true
  },
  "DataVersion": 3465
}