{
  "undead_revamp2:theundeadchallenges": {
    "criteria": {
      "theundeadchallenges": "2024-08-20 19:00:16 +0000"
    },
    "done": true
  },
  "minecraft:recipes/decorations/crafting_table": {
    "criteria": {
      "unlock_right_away": "2024-08-20 19:00:16 +0000"
    },
    "done": true
  },
  "ags_day_counter:day_counter_root_advancement": {
    "criteria": {
      "day_counter_root_advancement_0": "2024-08-20 19:00:16 +0000"
    },
    "done": true
  },
  "tough_beginnings:beginning": {
    "criteria": {
      "beginning_0": "2024-08-20 19:00:16 +0000"
    },
    "done": true
  },
  "minecraft:adventure/adventuring_time": {
    "criteria": {
      "minecraft:bamboo_jungle": "2024-08-20 19:04:21 +0000",
      "minecraft:sparse_jungle": "2024-08-20 19:00:17 +0000"
    },
    "done": false
  },
  "DataVersion": 3465
}