{
  "farmersdelight:recipes/cooking/dog_food": {
    "criteria": {
      "has_any_ingredient": "2024-08-21 02:18:12 +0000"
    },
    "done": true
  },
  "farmersdelight:recipes/food/fried_egg_from_smoking": {
    "criteria": {
      "fried_egg": "2024-08-21 02:23:09 +0000"
    },
    "done": true
  },
  "farmersdelight:recipes/cooking/mushroom_rice": {
    "criteria": {
      "has_any_ingredient": "2024-08-21 02:18:12 +0000"
    },
    "done": true
  },
  "minecraft:recipes/decorations/ladder": {
    "criteria": {
      "has_stick": "2024-08-21 02:19:48 +0000"
    },
    "done": true
  },
  "minecraft:recipes/food/cake": {
    "criteria": {
      "has_egg": "2024-08-21 02:23:09 +0000"
    },
    "done": true
  },
  "mutantmonsters:root": {
    "criteria": {
      "killed_by_something": "2024-08-21 02:20:51 +0000"
    },
    "done": true
  },
  "minecraft:recipes/building_blocks/coarse_dirt": {
    "criteria": {
      "has_gravel": "2024-08-21 02:12:37 +0000"
    },
    "done": true
  },
  "minecraft:recipes/building_blocks/light_gray_concrete_powder": {
    "criteria": {
      "has_gravel": "2024-08-21 02:12:37 +0000"
    },
    "done": true
  },
  "minecraft:recipes/building_blocks/pink_concrete_powder": {
    "criteria": {
      "has_gravel": "2024-08-21 02:12:37 +0000"
    },
    "done": true
  },
  "supplementaries:recipes/timber_cross_brace": {
    "criteria": {
      "forge:rods/wooden": "2024-08-21 02:19:48 +0000"
    },
    "done": true
  },
  "farmersdelight:recipes/building_blocks/straw_bale": {
    "criteria": {
      "has_straw": "2024-08-21 02:19:51 +0000"
    },
    "done": true
  },
  "minecraft:recipes/decorations/fletching_table": {
    "criteria": {
      "has_flint": "2024-08-21 02:13:52 +0000"
    },
    "done": true
  },
  "toughasnails:recipes/food/glow_berry_juice": {
    "criteria": {
      "has_glow_berries": "2024-08-21 02:11:35 +0000"
    },
    "done": true
  },
  "bakery:recipes/oat_seeds": {
    "criteria": {
      "has_wheat_seeds": "2024-08-21 02:19:50 +0000"
    },
    "done": true
  },
  "farmersdelight:recipes/cooking/rabbit_stew": {
    "criteria": {
      "has_any_ingredient": "2024-08-21 02:19:49 +0000"
    },
    "done": true
  },
  "minecraft:recipes/tools/golden_axe": {
    "criteria": {
      "has_gold_ingot": "2024-08-21 02:11:16 +0000"
    },
    "done": true
  },
  "supplementaries:recipes/crank": {
    "criteria": {
      "forge:rods/wooden": "2024-08-21 02:19:48 +0000"
    },
    "done": true
  },
  "minecraft:recipes/building_blocks/red_concrete_powder": {
    "criteria": {
      "has_gravel": "2024-08-21 02:12:37 +0000"
    },
    "done": true
  },
  "minecraft:recipes/tools/golden_pickaxe": {
    "criteria": {
      "has_gold_ingot": "2024-08-21 02:11:16 +0000"
    },
    "done": true
  },
  "supplementaries:recipes/spring_launcher": {
    "criteria": {
      "has_gunpowder": "2024-08-21 02:19:52 +0000"
    },
    "done": true
  },
  "bakery:recipes/vegetable_sandwich": {
    "criteria": {
      "has_carrot": "2024-08-21 02:19:49 +0000"
    },
    "done": true
  },
  "undead_revamp2:theundeadchallenges": {
    "criteria": {
      "theundeadchallenges": "2024-08-21 02:09:29 +0000"
    },
    "done": true
  },
  "supplementaries:recipes/flags/flag_brown": {
    "criteria": {
      "has_stick": "2024-08-21 02:19:48 +0000"
    },
    "done": true
  },
  "supplementaries:recipes/flags/flag_gray": {
    "criteria": {
      "has_stick": "2024-08-21 02:19:48 +0000"
    },
    "done": true
  },
  "candlelight:recipes/veggie_plate": {
    "criteria": {
      "has_carrot": "2024-08-21 02:19:49 +0000"
    },
    "done": true
  },
  "minecraft:recipes/building_blocks/brown_concrete_powder": {
    "criteria": {
      "has_gravel": "2024-08-21 02:12:37 +0000"
    },
    "done": true
  },
  "farmersdelight:recipes/combat/flint_knife": {
    "criteria": {
      "has_stick": "2024-08-21 02:19:48 +0000"
    },
    "done": true
  },
  "supplementaries:recipes/flags/flag_orange": {
    "criteria": {
      "has_stick": "2024-08-21 02:19:48 +0000"
    },
    "done": true
  },
  "minecraft:recipes/misc/gold_nugget": {
    "criteria": {
      "has_gold_ingot": "2024-08-21 02:11:16 +0000"
    },
    "done": true
  },
  "tough_beginnings:smash_it": {
    "criteria": {
      "smash_it_0": "2024-08-21 02:13:52 +0000"
    },
    "done": true
  },
  "supplementaries:recipes/flags/flag_magenta": {
    "criteria": {
      "has_stick": "2024-08-21 02:19:48 +0000"
    },
    "done": true
  },
  "supplementaries:recipes/flower_box": {
    "criteria": {
      "has_dirt": "2024-08-21 02:19:19 +0000"
    },
    "done": true
  },
  "minecraft:recipes/building_blocks/light_blue_concrete_powder": {
    "criteria": {
      "has_gravel": "2024-08-21 02:12:37 +0000"
    },
    "done": true
  },
  "minecraft:recipes/tools/golden_shovel": {
    "criteria": {
      "has_gold_ingot": "2024-08-21 02:11:16 +0000"
    },
    "done": true
  },
  "minecraft:recipes/combat/bow": {
    "criteria": {
      "has_string": "2024-08-21 02:19:50 +0000"
    },
    "done": true
  },
  "bakery:recipes/sandwich": {
    "criteria": {
      "has_bread": "2024-08-21 02:21:52 +0000"
    },
    "done": true
  },
  "farmersdelight:recipes/decorations/safety_net": {
    "criteria": {
      "has_rope": "2024-08-21 02:11:39 +0000"
    },
    "done": true
  },
  "farmersdelight:recipes/tools/lead_from_straw": {
    "criteria": {
      "has_straw": "2024-08-21 02:19:51 +0000"
    },
    "done": true
  },
  "supplementaries:recipes/faucet": {
    "criteria": {
      "forge:rods/wooden": "2024-08-21 02:19:48 +0000"
    },
    "done": true
  },
  "minecraft:recipes/food/golden_apple": {
    "criteria": {
      "has_gold_ingot": "2024-08-21 02:11:16 +0000"
    },
    "done": true
  },
  "minecraft:recipes/building_blocks/green_concrete_powder": {
    "criteria": {
      "has_gravel": "2024-08-21 02:12:37 +0000"
    },
    "done": true
  },
  "supplementaries:recipes/soap": {
    "criteria": {
      "forge:ash": "2024-08-21 02:43:03 +0000"
    },
    "done": true
  },
  "lightmanscurrency:recipes/ticket_machine/ticket_station/golden_ticket_pass": {
    "criteria": {
      "ticket_material": "2024-08-21 02:11:16 +0000"
    },
    "done": true
  },
  "minecraft:recipes/combat/golden_boots": {
    "criteria": {
      "has_gold_ingot": "2024-08-21 02:11:16 +0000"
    },
    "done": true
  },
  "minecraft:recipes/tools/wooden_axe": {
    "criteria": {
      "has_stick": "2024-08-21 02:19:48 +0000"
    },
    "done": true
  },
  "minecraft:recipes/combat/arrow": {
    "criteria": {
      "has_flint": "2024-08-21 02:13:52 +0000"
    },
    "done": true
  },
  "farmersdelight:main/get_fd_seed": {
    "criteria": {
      "tomato_seeds": "2024-08-21 02:11:29 +0000"
    },
    "done": true
  },
  "minecraft:recipes/building_blocks/blue_concrete_powder": {
    "criteria": {
      "has_gravel": "2024-08-21 02:12:37 +0000"
    },
    "done": true
  },
  "minecraft:recipes/combat/golden_helmet": {
    "criteria": {
      "has_gold_ingot": "2024-08-21 02:11:16 +0000"
    },
    "done": true
  },
  "candlelight:recipes/carrot_crate": {
    "criteria": {
      "has_carrot": "2024-08-21 02:19:49 +0000"
    },
    "done": true
  },
  "supplementaries:recipes/gold_trapdoor": {
    "criteria": {
      "has_gold_ingot": "2024-08-21 02:11:16 +0000"
    },
    "done": true
  },
  "farmersdelight:recipes/cooking/chicken_soup": {
    "criteria": {
      "has_any_ingredient": "2024-08-21 02:19:49 +0000"
    },
    "done": true
  },
  "farmersdelight:recipes/food/fried_egg_from_campfire_cooking": {
    "criteria": {
      "fried_egg": "2024-08-21 02:23:09 +0000"
    },
    "done": true
  },
  "farmersdelight:recipes/cooking/vegetable_noodles": {
    "criteria": {
      "has_any_ingredient": "2024-08-21 02:19:49 +0000"
    },
    "done": true
  },
  "minecraft:recipes/tools/fishing_rod": {
    "criteria": {
      "has_string": "2024-08-21 02:19:50 +0000"
    },
    "done": true
  },
  "minecraft:recipes/decorations/crafting_table": {
    "criteria": {
      "unlock_right_away": "2024-08-21 02:09:29 +0000"
    },
    "done": true
  },
  "minecraft:recipes/decorations/chest": {
    "criteria": {
      "has_lots_of_items": "2024-08-21 02:12:37 +0000"
    },
    "done": true
  },
  "vinery:recipes/grapevine_lattice": {
    "criteria": {
      "has_coal": "2024-08-21 02:11:17 +0000"
    },
    "done": true
  },
  "minecraft:recipes/transportation/cherry_boat": {
    "criteria": {
      "in_water": "2024-08-21 02:09:55 +0000"
    },
    "done": true
  },
  "minecraft:recipes/building_blocks/white_concrete_powder": {
    "criteria": {
      "has_gravel": "2024-08-21 02:12:37 +0000"
    },
    "done": true
  },
  "supplementaries:recipes/flint_block": {
    "criteria": {
      "has_flint": "2024-08-21 02:13:52 +0000"
    },
    "done": true
  },
  "minecraft:recipes/combat/golden_chestplate": {
    "criteria": {
      "has_gold_ingot": "2024-08-21 02:11:16 +0000"
    },
    "done": true
  },
  "supplementaries:recipes/sconce": {
    "criteria": {
      "has_torch": "2024-08-21 02:11:36 +0000"
    },
    "done": true
  },
  "minecraft:recipes/redstone/tripwire_hook": {
    "criteria": {
      "has_string": "2024-08-21 02:19:50 +0000"
    },
    "done": true
  },
  "toughasnails:recipes/food/apple_juice": {
    "criteria": {
      "has_apple": "2024-08-21 02:20:36 +0000"
    },
    "done": true
  },
  "vinery:recipes/dirt_slab": {
    "criteria": {
      "has_dirt": "2024-08-21 02:19:19 +0000"
    },
    "done": true
  },
  "minecraft:recipes/transportation/bamboo_raft": {
    "criteria": {
      "in_water": "2024-08-21 02:09:55 +0000"
    },
    "done": true
  },
  "supplementaries:recipes/bomb": {
    "criteria": {
      "has_string": "2024-08-21 02:19:50 +0000"
    },
    "done": true
  },
  "farmersdelight:recipes/cooking/baked_cod_stew": {
    "criteria": {
      "has_any_ingredient": "2024-08-21 02:23:09 +0000"
    },
    "done": true
  },
  "supplementaries:recipes/flags/flag_light_blue": {
    "criteria": {
      "has_stick": "2024-08-21 02:19:48 +0000"
    },
    "done": true
  },
  "farmersdelight:recipes/combat/golden_knife": {
    "criteria": {
      "has_gold_ingot": "2024-08-21 02:11:16 +0000"
    },
    "done": true
  },
  "lightmanscurrency:recipes/misc/traders/paygate": {
    "criteria": {
      "ticket_material": "2024-08-21 02:11:16 +0000"
    },
    "done": true
  },
  "minecraft:recipes/decorations/candle": {
    "criteria": {
      "has_string": "2024-08-21 02:19:50 +0000"
    },
    "done": true
  },
  "minecraft:recipes/transportation/spruce_boat": {
    "criteria": {
      "in_water": "2024-08-21 02:09:55 +0000"
    },
    "done": true
  },
  "supplementaries:recipes/pancake_fd": {
    "criteria": {
      "forge:eggs": "2024-08-21 02:23:09 +0000"
    },
    "done": true
  },
  "farmersdelight:recipes/misc/canvas": {
    "criteria": {
      "has_straw": "2024-08-21 02:19:51 +0000"
    },
    "done": true
  },
  "vinery:recipes/dark_cherry_fence": {
    "criteria": {
      "has_stick": "2024-08-21 02:19:48 +0000"
    },
    "done": true
  },
  "supplementaries:recipes/ash_brick": {
    "criteria": {
      "forge:ash": "2024-08-21 02:43:03 +0000"
    },
    "done": true
  },
  "minecraft:husbandry/root": {
    "criteria": {
      "consumed_item": "2024-08-21 02:12:13 +0000"
    },
    "done": true
  },
  "farmersdelight:recipes/cooking/apple_cider": {
    "criteria": {
      "has_apple": "2024-08-21 02:20:36 +0000"
    },
    "done": true
  },
  "minecraft:recipes/transportation/birch_boat": {
    "criteria": {
      "in_water": "2024-08-21 02:09:55 +0000"
    },
    "done": true
  },
  "bakery:recipes/cupcake_display": {
    "criteria": {
      "has_stick": "2024-08-21 02:19:48 +0000"
    },
    "done": true
  },
  "minecraft:recipes/transportation/oak_boat": {
    "criteria": {
      "in_water": "2024-08-21 02:09:55 +0000"
    },
    "done": true
  },
  "farmersdelight:recipes/cooking/cooked_rice": {
    "criteria": {
      "has_rice": "2024-08-21 02:18:12 +0000"
    },
    "done": true
  },
  "minecraft:recipes/building_blocks/coal_block": {
    "criteria": {
      "has_coal": "2024-08-21 02:11:17 +0000"
    },
    "done": true
  },
  "minecraft:recipes/redstone/light_weighted_pressure_plate": {
    "criteria": {
      "has_gold_ingot": "2024-08-21 02:11:16 +0000"
    },
    "done": true
  },
  "farmersdelight:recipes/cooking/glow_berry_custard": {
    "criteria": {
      "has_any_ingredient": "2024-08-21 02:11:35 +0000"
    },
    "done": true
  },
  "farmersdelight:recipes/cooking/fried_rice": {
    "criteria": {
      "has_any_ingredient": "2024-08-21 02:18:12 +0000"
    },
    "done": true
  },
  "lightmanscurrency:recipes/ticket_machine/ticket_station/ticket_pass": {
    "criteria": {
      "ticket_material": "2024-08-21 02:11:16 +0000"
    },
    "done": true
  },
  "candlelight:recipes/chefs_pants": {
    "criteria": {
      "has_gold_ingot": "2024-08-21 02:11:16 +0000"
    },
    "done": true
  },
  "supplementaries:recipes/daub_cross_brace": {
    "criteria": {
      "forge:rods/wooden": "2024-08-21 02:19:48 +0000"
    },
    "done": true
  },
  "vinery:main/root": {
    "criteria": {
      "seeds": "2024-08-21 02:11:16 +0000"
    },
    "done": true
  },
  "lightmanscurrency:recipes/ticket_machine/ticket_station/golden_ticket": {
    "criteria": {
      "ticket_material": "2024-08-21 02:11:16 +0000"
    },
    "done": true
  },
  "minecraft:recipes/building_blocks/lime_concrete_powder": {
    "criteria": {
      "has_gravel": "2024-08-21 02:12:37 +0000"
    },
    "done": true
  },
  "minecraft:recipes/transportation/mangrove_boat": {
    "criteria": {
      "in_water": "2024-08-21 02:09:55 +0000"
    },
    "done": true
  },
  "supplementaries:recipes/daub_brace": {
    "criteria": {
      "forge:rods/wooden": "2024-08-21 02:19:48 +0000"
    },
    "done": true
  },
  "minecraft:recipes/decorations/torch": {
    "criteria": {
      "has_the_recipe": "2024-08-21 02:19:56 +0000"
    },
    "done": true
  },
  "supplementaries:recipes/flags/flag_blue": {
    "criteria": {
      "has_stick": "2024-08-21 02:19:48 +0000"
    },
    "done": true
  },
  "lightmanscurrency:recipes/ticket_machine/ticket_station/master_ticket": {
    "criteria": {
      "ticket_material": "2024-08-21 02:11:16 +0000"
    },
    "done": true
  },
  "tough_beginnings:rockystart": {
    "criteria": {
      "rockystart_0": "2024-08-21 02:13:39 +0000"
    },
    "done": true
  },
  "supplementaries:adventure/way_sign": {
    "criteria": {
      "bastion": "2024-08-21 02:21:24 +0000"
    },
    "done": true
  },
  "minecraft:recipes/building_blocks/orange_concrete_powder": {
    "criteria": {
      "has_gravel": "2024-08-21 02:12:37 +0000"
    },
    "done": true
  },
  "supplementaries:recipes/daub_frame": {
    "criteria": {
      "forge:rods/wooden": "2024-08-21 02:19:48 +0000"
    },
    "done": true
  },
  "supplementaries:recipes/key": {
    "criteria": {
      "has_gold_ingot": "2024-08-21 02:11:16 +0000"
    },
    "done": true
  },
  "supplementaries:recipes/flags/flag_pink": {
    "criteria": {
      "has_stick": "2024-08-21 02:19:48 +0000"
    },
    "done": true
  },
  "farmersdelight:recipes/cooking/beef_stew": {
    "criteria": {
      "has_any_ingredient": "2024-08-21 02:19:49 +0000"
    },
    "done": true
  },
  "minecraft:recipes/building_blocks/magenta_concrete_powder": {
    "criteria": {
      "has_gravel": "2024-08-21 02:12:37 +0000"
    },
    "done": true
  },
  "minecraft:recipes/decorations/campfire": {
    "criteria": {
      "has_coal": "2024-08-21 02:11:17 +0000",
      "has_the_recipe": "2024-08-21 02:11:17 +0000"
    },
    "done": true
  },
  "supplementaries:recipes/timber_frame": {
    "criteria": {
      "forge:rods/wooden": "2024-08-21 02:19:48 +0000"
    },
    "done": true
  },
  "minecraft:recipes/tools/flint_and_steel": {
    "criteria": {
      "has_flint": "2024-08-21 02:13:52 +0000"
    },
    "done": true
  },
  "minecraft:recipes/tools/wooden_hoe": {
    "criteria": {
      "has_stick": "2024-08-21 02:19:48 +0000"
    },
    "done": true
  },
  "vinery:recipes/dark_cherry_fence_gate": {
    "criteria": {
      "has_stick": "2024-08-21 02:19:48 +0000"
    },
    "done": true
  },
  "minecraft:recipes/tools/wooden_pickaxe": {
    "criteria": {
      "has_stick": "2024-08-21 02:19:48 +0000"
    },
    "done": true
  },
  "vinery:recipes/campfire": {
    "criteria": {
      "has_coal": "2024-08-21 02:11:17 +0000"
    },
    "done": true
  },
  "farmersdelight:main/root": {
    "criteria": {
      "seeds": "2024-08-21 02:11:16 +0000"
    },
    "done": true
  },
  "lightmanscurrency:recipes/ticket_machine/ticket_station/golden_master_ticket": {
    "criteria": {
      "ticket_material": "2024-08-21 02:11:16 +0000"
    },
    "done": true
  },
  "vinery:recipes/vinemaker_leggings": {
    "criteria": {
      "has_gold_ingot": "2024-08-21 02:11:16 +0000"
    },
    "done": true
  },
  "supplementaries:recipes/flags/flag_cyan": {
    "criteria": {
      "has_stick": "2024-08-21 02:19:48 +0000"
    },
    "done": true
  },
  "farmersdelight:recipes/building_blocks/packed_mud_from_straw": {
    "criteria": {
      "has_straw": "2024-08-21 02:19:51 +0000"
    },
    "done": true
  },
  "supplementaries:recipes/slingshot": {
    "criteria": {
      "forge:rods/wooden": "2024-08-21 02:19:48 +0000"
    },
    "done": true
  },
  "supplementaries:recipes/timber_brace": {
    "criteria": {
      "forge:rods/wooden": "2024-08-21 02:19:48 +0000"
    },
    "done": true
  },
  "ags_day_counter:day_counter_root_advancement": {
    "criteria": {
      "day_counter_root_advancement_0": "2024-08-21 02:09:29 +0000"
    },
    "done": true
  },
  "lightmanscurrency:recipes/misc/coinmint": {
    "criteria": {
      "material": "2024-08-21 02:11:16 +0000"
    },
    "done": true
  },
  "supplementaries:recipes/flags/flag_yellow": {
    "criteria": {
      "has_stick": "2024-08-21 02:19:48 +0000"
    },
    "done": true
  },
  "bakery:main/root": {
    "criteria": {
      "seeds": "2024-08-21 02:11:16 +0000"
    },
    "done": true
  },
  "minecraft:recipes/transportation/carrot_on_a_stick": {
    "criteria": {
      "has_carrot": "2024-08-21 02:19:49 +0000"
    },
    "done": true
  },
  "lightmanscurrency:recipes/ticket_machine/ticket_station/ticket": {
    "criteria": {
      "ticket_material": "2024-08-21 02:11:16 +0000"
    },
    "done": true
  },
  "farmersdelight:main/harvest_straw": {
    "criteria": {
      "harvest_straw": "2024-08-21 02:19:51 +0000"
    },
    "done": true
  },
  "minecraft:recipes/building_blocks/yellow_concrete_powder": {
    "criteria": {
      "has_gravel": "2024-08-21 02:12:37 +0000"
    },
    "done": true
  },
  "minecraft:recipes/combat/golden_sword": {
    "criteria": {
      "has_gold_ingot": "2024-08-21 02:11:16 +0000"
    },
    "done": true
  },
  "minecraft:recipes/tools/wooden_shovel": {
    "criteria": {
      "has_stick": "2024-08-21 02:19:48 +0000"
    },
    "done": true
  },
  "supplementaries:recipes/flags/flag_light_gray": {
    "criteria": {
      "has_stick": "2024-08-21 02:19:48 +0000"
    },
    "done": true
  },
  "minecraft:recipes/building_blocks/gold_block": {
    "criteria": {
      "has_gold_ingot": "2024-08-21 02:11:16 +0000"
    },
    "done": true
  },
  "minecraft:recipes/transportation/acacia_boat": {
    "criteria": {
      "in_water": "2024-08-21 02:09:55 +0000"
    },
    "done": true
  },
  "minecraft:adventure/root": {
    "criteria": {
      "killed_by_something": "2024-08-21 02:20:51 +0000"
    },
    "done": true
  },
  "minecraft:recipes/building_blocks/white_wool_from_string": {
    "criteria": {
      "has_string": "2024-08-21 02:19:50 +0000"
    },
    "done": true
  },
  "tough_beginnings:beginning": {
    "criteria": {
      "beginning_0": "2024-08-21 02:09:29 +0000"
    },
    "done": true
  },
  "farmersdelight:recipes/building_blocks/organic_compost_from_rotten_flesh": {
    "criteria": {
      "has_straw": "2024-08-21 02:19:51 +0000"
    },
    "done": true
  },
  "farmersdelight:recipes/building_blocks/rice_bag": {
    "criteria": {
      "has_rice": "2024-08-21 02:18:12 +0000"
    },
    "done": true
  },
  "supplementaries:recipes/flags/flag_black": {
    "criteria": {
      "has_stick": "2024-08-21 02:19:48 +0000"
    },
    "done": true
  },
  "minecraft:recipes/combat/wooden_sword": {
    "criteria": {
      "has_stick": "2024-08-21 02:19:48 +0000"
    },
    "done": true
  },
  "minecraft:recipes/building_blocks/gray_concrete_powder": {
    "criteria": {
      "has_gravel": "2024-08-21 02:12:37 +0000"
    },
    "done": true
  },
  "supplementaries:recipes/flags/flag_red": {
    "criteria": {
      "has_stick": "2024-08-21 02:19:48 +0000"
    },
    "done": true
  },
  "minecraft:recipes/building_blocks/black_concrete_powder": {
    "criteria": {
      "has_gravel": "2024-08-21 02:12:37 +0000"
    },
    "done": true
  },
  "minecraft:recipes/combat/crossbow": {
    "criteria": {
      "has_string": "2024-08-21 02:19:50 +0000"
    },
    "done": true
  },
  "minecraft:adventure/adventuring_time": {
    "criteria": {
      "minecraft:beach": "2024-08-21 02:10:00 +0000",
      "minecraft:sparse_jungle": "2024-08-21 02:15:18 +0000",
      "minecraft:river": "2024-08-21 02:10:06 +0000",
      "minecraft:forest": "2024-08-21 02:11:10 +0000",
      "minecraft:jungle": "2024-08-21 02:41:00 +0000",
      "minecraft:old_growth_birch_forest": "2024-08-21 02:18:58 +0000",
      "minecraft:plains": "2024-08-21 02:09:31 +0000"
    },
    "done": false
  },
  "supplementaries:recipes/flags/flag_green": {
    "criteria": {
      "has_stick": "2024-08-21 02:19:48 +0000"
    },
    "done": true
  },
  "bakery:recipes/bread_box": {
    "criteria": {
      "has_stick": "2024-08-21 02:19:48 +0000"
    },
    "done": true
  },
  "lightmanscurrency:recipes/misc/ticket_station": {
    "criteria": {
      "ticket_material": "2024-08-21 02:11:16 +0000"
    },
    "done": true
  },
  "minecraft:recipes/tools/golden_hoe": {
    "criteria": {
      "has_gold_ingot": "2024-08-21 02:11:16 +0000"
    },
    "done": true
  },
  "farmersdelight:recipes/decorations/cutting_board": {
    "criteria": {
      "has_stick": "2024-08-21 02:19:48 +0000"
    },
    "done": true
  },
  "minecraft:recipes/misc/firework_rocket_simple": {
    "criteria": {
      "has_gunpowder": "2024-08-21 02:19:52 +0000"
    },
    "done": true
  },
  "minecraft:husbandry/balanced_diet": {
    "criteria": {
      "glow_berries": "2024-08-21 02:12:13 +0000"
    },
    "done": false
  },
  "supplementaries:recipes/gold_door": {
    "criteria": {
      "has_gold_ingot": "2024-08-21 02:11:16 +0000"
    },
    "done": true
  },
  "supplementaries:recipes/daub": {
    "criteria": {
      "supplementaries:straw": "2024-08-21 02:19:51 +0000"
    },
    "done": true
  },
  "minecraft:recipes/redstone/tnt": {
    "criteria": {
      "has_gunpowder": "2024-08-21 02:19:52 +0000"
    },
    "done": true
  },
  "minecraft:recipes/building_blocks/purple_concrete_powder": {
    "criteria": {
      "has_gravel": "2024-08-21 02:12:37 +0000"
    },
    "done": true
  },
  "vinery:main/get_apple": {
    "criteria": {
      "apple": "2024-08-21 02:20:36 +0000"
    },
    "done": true
  },
  "farmersdelight:recipes/decorations/rope": {
    "criteria": {
      "has_straw": "2024-08-21 02:19:51 +0000"
    },
    "done": true
  },
  "supplementaries:recipes/sack": {
    "criteria": {
      "has_string": "2024-08-21 02:19:50 +0000"
    },
    "done": true
  },
  "supplementaries:recipes/flags/flag_purple": {
    "criteria": {
      "has_stick": "2024-08-21 02:19:48 +0000"
    },
    "done": true
  },
  "minecraft:recipes/building_blocks/cyan_concrete_powder": {
    "criteria": {
      "has_gravel": "2024-08-21 02:12:37 +0000"
    },
    "done": true
  },
  "minecraft:recipes/decorations/loom": {
    "criteria": {
      "has_string": "2024-08-21 02:19:50 +0000"
    },
    "done": true
  },
  "farmersdelight:recipes/building_blocks/organic_compost_from_tree_bark": {
    "criteria": {
      "has_straw": "2024-08-21 02:19:51 +0000"
    },
    "done": true
  },
  "farmersdelight:recipes/cooking/vegetable_soup": {
    "criteria": {
      "has_any_ingredient": "2024-08-21 02:19:49 +0000"
    },
    "done": true
  },
  "candlelight:main/root": {
    "criteria": {
      "seeds": "2024-08-21 02:11:16 +0000"
    },
    "done": true
  },
  "supplementaries:recipes/flags/flag_white": {
    "criteria": {
      "has_stick": "2024-08-21 02:19:48 +0000"
    },
    "done": true
  },
  "minecraft:recipes/transportation/jungle_boat": {
    "criteria": {
      "in_water": "2024-08-21 02:09:55 +0000"
    },
    "done": true
  },
  "supplementaries:recipes/hourglass": {
    "criteria": {
      "has_gold_ingot": "2024-08-21 02:11:16 +0000"
    },
    "done": true
  },
  "minecraft:recipes/transportation/dark_oak_boat": {
    "criteria": {
      "in_water": "2024-08-21 02:09:55 +0000"
    },
    "done": true
  },
  "supplementaries:recipes/flags/flag_lime": {
    "criteria": {
      "has_stick": "2024-08-21 02:19:48 +0000"
    },
    "done": true
  },
  "minecraft:recipes/combat/golden_leggings": {
    "criteria": {
      "has_gold_ingot": "2024-08-21 02:11:16 +0000"
    },
    "done": true
  },
  "farmersdelight:recipes/food/fried_egg": {
    "criteria": {
      "fried_egg": "2024-08-21 02:23:09 +0000"
    },
    "done": true
  },
  "DataVersion": 3465
}